company_id,year,composite_quality_score,screening_score,recommendation
ABB,Dec 2012,11.001849946644048,13.0543641813191,Hold
ABB,Mar 2014,11.941540128758367,14.011208771524142,Hold
ABB,Mar 2015,12.036669586184438,14.241752528976287,Hold
ABB,Mar 2016,10.903883630056429,13.063568159174475,Hold
ABB,Mar 2017,10.306048240410218,12.444437123336147,Hold
ABB,Mar 2018,12.403238437248126,14.718534481664506,Hold
ABB,Mar 2019,11.964292763862543,14.303845167652751,Hold
ABB,Mar 2020,13.345112402305588,15.821521157123513,Hold
ABB,Mar 2021,14.570457811928142,17.310987303484453,Hold
ABB,Mar 2022,15.253141547394359,18.093855392735108,Buy
ABB,Mar 2023,16.22785656273909,19.06829461914818,Buy
ABB,Mar 2024,18.042661024193844,21.024505226226985,Buy
ABB,TTM,7.061215518188811,,Avoid
ADANIENSOL,Mar 2014,0.0,,Avoid
ADANIENSOL,Mar 2015,-1.9928216466822724,7.834891150959822,Avoid
ADANIENSOL,Mar 2016,10.244086467033364,20.121880650751493,Buy
ADANIENSOL,Mar 2017,9.601692956880743,17.75050297596054,Hold
ADANIENSOL,Mar 2018,16.02663244828349,23.63584926471874,Buy
ADANIENSOL,Mar 2019,4.9422682500774355,10.214266759663545,Avoid
ADANIENSOL,Mar 2020,4.926213128343757,10.257761601703399,Avoid
ADANIENSOL,Mar 2021,9.229754790662174,14.571643452380632,Hold
ADANIENSOL,Mar 2022,7.894841836074279,13.06001196207443,Hold
ADANIENSOL,Mar 2023,6.928727831081525,11.7924214317415,Avoid
ADANIENSOL,Mar 2024,5.648918413107979,10.660804106653517,Avoid
ADANIENSOL,TTM,0.8884263239663936,,Avoid
ADANIENT,Mar 2013,2.911202629283348,6.057102231507007,Avoid
ADANIENT,Mar 2014,5.472856608928033,9.055182790855135,Avoid
ADANIENT,Mar 2015,4.329929626582226,8.141098454593637,Avoid
ADANIENT,Mar 2016,3.743797986081724,6.058116835041507,Avoid
ADANIENT,Mar 2017,3.2809522565158713,5.62501239400993,Avoid
ADANIENT,Mar 2018,2.075675727431685,4.459824214382325,Avoid
ADANIENT,Mar 2019,1.8771767397691803,4.1393534571022865,Avoid
ADANIENT,Mar 2020,3.152952589790131,5.473981836164793,Avoid
ADANIENT,Mar 2021,3.16917266650419,5.604170568514048,Avoid
ADANIENT,Mar 2022,1.7863135413470292,4.151764884679503,Avoid
ADANIENT,Mar 2023,3.3766133053237746,5.937212544752464,Avoid
ADANIENT,Mar 2024,4.197957563197902,7.233717559688604,Avoid
ADANIENT,TTM,1.9828431612110784,,Avoid
ADANIGREEN,Mar 2017,-4.39598523747489,7.61026096377374,Avoid
ADANIGREEN,Mar 2018,-6.506979518878822,2.949858205975669,Avoid
ADANIGREEN,Mar 2019,-15.837820655295198,-4.2286508800802345,Avoid
ADANIGREEN,Mar 2020,-1.8047946713124643,7.440332010732821,Avoid
ADANIGREEN,Mar 2021,4.735824024494568,15.27653941301553,Hold
ADANIGREEN,Mar 2022,9.440207676294627,19.75415833109847,Buy
ADANIGREEN,Mar 2023,8.650181773483574,18.13013133810955,Buy
ADANIGREEN,Mar 2024,8.861101567205965,19.794776552185755,Buy
ADANIGREEN,TTM,5.96055153651147,,Avoid
ADANIPORTS,Mar 2013,23.874658741348767,30.263274263098257,Strong Buy
ADANIPORTS,Mar 2014,18.701456437702202,24.92937971365622,Buy
ADANIPORTS,Mar 2015,19.852190902482835,26.322077774874877,Strong Buy
ADANIPORTS,Mar 2016,20.502450800521032,26.89453031720697,Strong Buy
ADANIPORTS,Mar 2017,22.898785567304174,28.904168302054096,Strong Buy
ADANIPORTS,Mar 2018,16.8270771809207,23.48174899449797,Buy
ADANIPORTS,Mar 2019,17.938699314642697,23.986778322319747,Buy
ADANIPORTS,Mar 2020,15.646339719259084,20.951560613159685,Buy
ADANIPORTS,Mar 2021,18.995176656714403,25.718641683086503,Strong Buy
ADANIPORTS,Mar 2022,13.650066009885455,19.610721603520624,Buy
ADANIPORTS,Mar 2023,12.638736540393607,18.488053334533774,Buy
ADANIPORTS,Mar 2024,15.307581431191567,21.552895670368297,Buy
ADANIPORTS,TTM,11.41815795333357,,Avoid
ADANIPOWER,Mar 2013,-29.210477610273518,-25.68298201114262,Avoid
ADANIPOWER,Mar 2014,-2.028345529919372,2.5119553982720206,Avoid
ADANIPOWER,Mar 2015,-6.1004574996489325,-2.2247639300913273,Avoid
ADANIPOWER,Mar 2016,3.2947398726967827,8.417620126016319,Avoid
ADANIPOWER,Mar 2017,-77.59433270866639,-78.43394633310929,Avoid
ADANIPOWER,Mar 2018,-82.2078230121676,-85.16494909447037,Avoid
ADANIPOWER,Mar 2019,-5.509312074136368,-2.0231806008137,Avoid
ADANIPOWER,Mar 2020,-14.448367808089749,-11.328844313191926,Avoid
ADANIPOWER,Mar 2021,4.953739980032193,9.820598450205456,Avoid
ADANIPOWER,Mar 2022,14.89234642671646,19.71612833465702,Buy
ADANIPOWER,Mar 2023,21.34100764570346,24.831008458090636,Buy
ADANIPOWER,Mar 2024,30.063860205743016,34.05322458457737,Strong Buy
ADANIPOWER,TTM,7.737724916132968,,Avoid
AMBUJACEM,Dec 2012,9.576392928240931,11.999496032310105,Avoid
AMBUJACEM,Dec 2013,9.388061941163857,11.024260331530513,Avoid
AMBUJACEM,Dec 2014,10.140391141481713,11.871986372147585,Avoid
AMBUJACEM,Dec 2015,5.698860166046036,7.324990131924348,Avoid
AMBUJACEM,Dec 2016,4.994461228341882,6.65288630272383,Avoid
AMBUJACEM,Dec 2017,6.1040398634469275,7.803753324640343,Avoid
AMBUJACEM,Dec 2018,8.467727993420363,9.985812793453917,Avoid
AMBUJACEM,Dec 2019,7.500241380266896,9.196619818458325,Avoid
AMBUJACEM,Dec 2020,8.98118325047818,10.942447432821401,Avoid
AMBUJACEM,Dec 2021,9.363168638079424,11.446101367432505,Avoid
AMBUJACEM,Mar 2023 15,2.5887972879266505,,Avoid
AMBUJACEM,Mar 2024,8.741799226076255,10.427562706356886,Avoid
AMBUJACEM,TTM,3.9279553526128868,,Avoid
APOLLOHOSP,Mar 2013,6.617469097562208,9.408477159813977,Avoid
APOLLOHOSP,Mar 2014,6.208419898582328,8.960935139562936,Avoid
APOLLOHOSP,Mar 2015,5.962244514178124,8.649430325567955,Avoid
APOLLOHOSP,Mar 2016,3.903185721973484,6.322466029766449,Avoid
APOLLOHOSP,Mar 2017,2.217933405107117,4.557668966644492,Avoid
APOLLOHOSP,Mar 2018,1.1772810564873615,3.4681668435383757,Avoid
APOLLOHOSP,Mar 2019,3.0425514790300454,5.507613930377423,Avoid
APOLLOHOSP,Mar 2020,5.923811857947989,8.813434152335223,Avoid
APOLLOHOSP,Mar 2021,1.7335448561412272,4.13731668938899,Avoid
APOLLOHOSP,Mar 2022,9.455647345539699,12.383297132027586,Hold
APOLLOHOSP,Mar 2023,6.616763741781285,9.248984802776347,Avoid
APOLLOHOSP,Mar 2024,6.5082017957332745,9.162860687127846,Avoid
APOLLOHOSP,TTM,1.9932580976110217,,Avoid
ASIANPAINT,Mar 2013,15.623573633663172,18.728575732548034,Buy
ASIANPAINT,Mar 2014,14.372981535738981,17.417000129336593,Hold
ASIANPAINT,Mar 2015,14.033749187261494,17.033988535924962,Hold
ASIANPAINT,Mar 2016,13.872581794519242,16.938595732964536,Hold
ASIANPAINT,Mar 2017,13.703742137345193,16.783594945454457,Hold
ASIANPAINT,Mar 2018,12.879504070288355,15.88331349085123,Hold
ASIANPAINT,Mar 2019,11.991145478624633,15.065697012534152,Hold
ASIANPAINT,Mar 2020,14.120530906626144,17.269387699743536,Hold
ASIANPAINT,Mar 2021,13.626539298856107,16.83830293215324,Hold
ASIANPAINT,Mar 2022,11.401412002209293,14.181739438342259,Hold
ASIANPAINT,Mar 2023,13.24434542906463,16.20294721748735,Hold
ASIANPAINT,Mar 2024,15.507705251240063,18.69512531493456,Buy
ASIANPAINT,TTM,4.431875819432881,,Avoid
ATGL,Mar 2018,9.408487995329812,13.84501513544299,Hold
ATGL,Mar 2019,11.647151134936662,16.067713013900807,Hold
ATGL,Mar 2020,17.88343466902324,22.4773241779288,Buy
ATGL,Mar 2021,17.2562957705004,22.406048248169952,Buy
ATGL,Mar 2022,12.836811075980947,16.960863197918364,Hold
ATGL,Mar 2023,10.60403854797329,14.358395641465908,Hold
ATGL,Mar 2024,11.421815111370252,15.51152766741697,Hold
ATGL,TTM,4.613896947092139,,Avoid
BAJAJ-AUTO,Mar 2013,18.692106026385037,21.31868902304691,Buy
BAJAJ-AUTO,Mar 2014,17.115096737158932,19.765351686907245,Buy
BAJAJ-AUTO,Mar 2015,14.212870410139729,16.68694842338553,Hold
BAJAJ-AUTO,Mar 2016,16.088294212331792,18.572511138891613,Buy
BAJAJ-AUTO,Mar 2017,14.199660623657048,16.39242781094091,Hold
BAJAJ-AUTO,Mar 2018,12.79807524128009,14.939044690263774,Hold
BAJAJ-AUTO,Mar 2019,12.832338628998862,14.806940303306877,Hold
BAJAJ-AUTO,Mar 2020,14.20317606764286,16.17634879335026,Hold
BAJAJ-AUTO,Mar 2021,12.047592955644198,13.929435738517197,Hold
BAJAJ-AUTO,Mar 2022,13.399167958912669,15.089637423952652,Hold
BAJAJ-AUTO,Mar 2023,12.766565007953309,14.75980941133658,Hold
BAJAJ-AUTO,Mar 2024,14.977717750573694,17.295968261136725,Hold
BAJAJ-AUTO,TTM,5.024539877300614,,Avoid
AXISBANK,Mar 2013,11.583774887347284,15.353115036887226,Hold
AXISBANK,Mar 2014,12.188925180415195,15.984065637367204,Hold
AXISBANK,Mar 2015,12.394874923085153,16.15549443968232,Hold
AXISBANK,Mar 2016,11.831484851611222,15.728387541552165,Hold
AXISBANK,Mar 2017,4.952609606896689,11.426407114321172,Avoid
AXISBANK,Mar 2018,0.36593296077594567,8.114934919936275,Avoid
AXISBANK,Mar 2019,5.157124878349223,11.221277715812903,Avoid
AXISBANK,Mar 2020,1.5165012001670182,8.467358925470606,Avoid
AXISBANK,Mar 2021,5.607583108599621,11.6016800138915,Avoid
AXISBANK,Mar 2022,10.13388097985384,15.123765763775305,Hold
AXISBANK,Mar 2023,6.231298970848282,10.60651625168514,Avoid
AXISBANK,Mar 2024,12.87868442342698,16.82227970413478,Hold
AXISBANK,TTM,7.28941341576951,,Avoid
BAJAJFINSV,Mar 2013,18.66219810822496,24.73236886921822,Buy
BAJAJFINSV,Mar 2014,19.99565784193766,27.8947240680368,Strong Buy
BAJAJFINSV,Mar 2015,14.368487373827541,20.613297694503565,Buy
BAJAJFINSV,Mar 2016,11.372755914317409,16.49807717491376,Hold
BAJAJFINSV,Mar 2017,11.876354610620576,17.270430369805663,Hold
BAJAJFINSV,Mar 2018,11.099595819291173,16.277913346057446,Hold
BAJAJFINSV,Mar 2019,11.818284624744907,17.324274520949373,Hold
BAJAJFINSV,Mar 2020,10.131176007147216,15.454482650543246,Hold
BAJAJFINSV,Mar 2021,10.978624339396314,16.155862759244588,Hold
BAJAJFINSV,Mar 2022,11.005504632992071,16.083051622345657,Hold
BAJAJFINSV,Mar 2023,13.796771122094768,19.38448443080108,Buy
BAJAJFINSV,Mar 2024,13.394651687733047,19.081263006792074,Buy
BAJAJFINSV,TTM,4.361267090649411,,Avoid
BAJAJHLDNG,Mar 2013,189.5713833935981,166.16397867871234,Strong Buy
BAJAJHLDNG,Mar 2014,162.19279601260249,144.0249081829767,Strong Buy
BAJAJHLDNG,Mar 2015,134.1337207878815,121.21581667507883,Strong Buy
BAJAJHLDNG,Mar 2016,165.58532292596772,146.23494994012054,Strong Buy
BAJAJHLDNG,Mar 2017,102.54391815697046,94.03778235228907,Strong Buy
BAJAJHLDNG,Mar 2018,214.2315915058729,184.05052166328394,Strong Buy
BAJAJHLDNG,Mar 2019,239.50584246910867,203.94602161202351,Strong Buy
BAJAJHLDNG,Mar 2020,239.7177233108446,202.9627799776249,Strong Buy
BAJAJHLDNG,Mar 2021,269.80123712130717,227.68652227897647,Strong Buy
BAJAJHLDNG,Mar 2022,287.3730356364125,241.60424356929394,Strong Buy
BAJAJHLDNG,Mar 2023,319.57133230843573,267.21623832270035,Strong Buy
BAJAJHLDNG,Mar 2024,148.7763706800504,132.71460162572384,Strong Buy
BAJAJHLDNG,TTM,143.9892286978265,,Avoid
BAJFINANCE,Mar 2015,11.842375515656839,17.01254285179479,Hold
BAJFINANCE,Mar 2016,11.633095357360459,16.673131959404444,Hold
BAJFINANCE,Mar 2017,12.565561506322064,17.64408466489624,Hold
BAJFINANCE,Mar 2018,11.827515235205276,16.685407145405325,Hold
BAJFINANCE,Mar 2019,14.01362180889808,18.609425395156514,Buy
BAJFINANCE,Mar 2020,12.134194465598272,17.227360242286686,Hold
BAJFINANCE,Mar 2021,9.566366276348989,15.333445366028242,Hold
BAJFINANCE,Mar 2022,12.812726346870013,18.0326734883432,Buy
BAJFINANCE,Mar 2023,16.368495060731046,20.696408058653795,Buy
BAJFINANCE,Mar 2024,15.092050755943822,19.30678431180307,Buy
BAJFINANCE,TTM,8.23659125333847,,Avoid
BANKBARODA,Mar 2013,9.275228126643638,13.617377019655397,Hold
BANKBARODA,Mar 2014,8.6039973782461,12.933616000658692,Hold
BANKBARODA,Mar 2015,6.085439118040576,10.54841263953491,Avoid
BANKBARODA,Mar 2016,-7.588192421553926,0.030675595329339167,Avoid
BANKBARODA,Mar 2017,2.8467158929661234,8.778382354725522,Avoid
BANKBARODA,Mar 2018,-2.6225510548867845,4.915015350390145,Avoid
BANKBARODA,Mar 2019,1.4628695000886853,8.003265233303567,Avoid
BANKBARODA,Mar 2020,0.8660665812906814,7.70710635051804,Avoid
BANKBARODA,Mar 2021,1.40266274028654,8.183433962012062,Avoid
BANKBARODA,Mar 2022,6.49999759606478,12.918523181988814,Hold
BANKBARODA,Mar 2023,10.074243749975167,15.27498111913874,Hold
BANKBARODA,Mar 2024,10.590961374276397,15.538692969220222,Hold
BANKBARODA,TTM,5.4087726081539715,,Avoid
BHARTIARTL,Mar 2013,2.646090143718009,6.819533036960927,Avoid
BHARTIARTL,Mar 2014,3.0137794717589936,7.273608266382065,Avoid
BHARTIARTL,Mar 2015,6.1572541290902985,10.955587638828003,Avoid
BHARTIARTL,Mar 2016,5.964725383702974,10.598616751965825,Avoid
BHARTIARTL,Mar 2017,3.713407958964952,8.576046671257457,Avoid
BHARTIARTL,Mar 2018,2.038291616697132,6.868407539387694,Avoid
BHARTIARTL,Mar 2019,1.5826000115272754,5.9793428067208305,Avoid
BHARTIARTL,Mar 2020,-24.844568197770457,-18.37574908954712,Avoid
BHARTIARTL,Mar 2021,-10.989603007966615,-5.100980854916805,Avoid
BHARTIARTL,Mar 2022,6.64237640700069,12.783043224450125,Hold
BHARTIARTL,Mar 2023,8.328223298989824,14.654693061033626,Hold
BHARTIARTL,Mar 2024,5.4679071329937265,11.913326877363232,Avoid
BHARTIARTL,TTM,2.962048221184562,,Avoid
BEL,Mar 2013,5112.41863010787,5596.4697127902655,Strong Buy
BEL,Mar 2014,4585.433786482027,5016.67161094583,Strong Buy
BEL,Mar 2015,5753.876965025401,6301.363263987393,Strong Buy
BEL,Mar 2016,3767.0901085286455,4116.665653031433,Strong Buy
BEL,Mar 2017,3427.781216575579,3749.4619884479866,Strong Buy
BEL,Mar 2018,1571.9486674719644,1713.6113578589727,Strong Buy
BEL,Mar 2019,1321.024359950418,1435.7340435874742,Strong Buy
BEL,Mar 2020,1146.183334390619,1241.3378858594338,Strong Buy
BEL,Mar 2021,1222.3428396135757,1327.8772168338087,Strong Buy
BEL,Mar 2022,1196.0533147898957,1298.491467955571,Strong Buy
BEL,Mar 2023,1373.774607993016,1488.2190462242438,Strong Buy
BEL,Mar 2024,1629.8657844102281,1769.2756753396823,Strong Buy
BEL,TTM,7.015836230204712,,Avoid
BHEL,Mar 2013,12.092090204661858,13.262630456920675,Hold
BHEL,Mar 2014,6.644909755073312,7.003606083787491,Avoid
BHEL,Mar 2015,3.103119787820379,3.072781499819106,Avoid
BHEL,Mar 2016,-1.5212988403837315,-2.4794592132312054,Avoid
BHEL,Mar 2017,1.1548707803409075,0.9299233433861975,Avoid
BHEL,Mar 2018,1.108274260451484,1.077412640773838,Avoid
BHEL,Mar 2019,2.3353128956907176,2.3397983005262146,Avoid
BHEL,Mar 2020,-3.8686029645522297,-4.177660631644286,Avoid
BHEL,Mar 2021,-8.56030698957325,-10.152828943085394,Avoid
BHEL,Mar 2022,1.3830049235289972,1.1544357884724157,Avoid
BHEL,Mar 2023,1.9623324357304721,1.771443577621554,Avoid
BHEL,Mar 2024,0.9112770912633081,0.6290295587445904,Avoid
BHEL,TTM,0.5742009574317087,,Avoid
BOSCHLTD,Dec 2012,9.783151690922733,11.667015318526682,Avoid
BOSCHLTD,Dec 2013,8.384046606440819,10.158810760739074,Avoid
BOSCHLTD,Mar 2015,10.146945617882485,12.133928362974956,Hold
BOSCHLTD,Mar 2016,10.872924606000554,12.833859708497533,Hold
BOSCHLTD,Mar 2017,12.451632378577346,14.404676777456089,Hold
BOSCHLTD,Mar 2018,8.767815987896526,10.766344135705713,Avoid
BOSCHLTD,Mar 2019,10.560773711456376,12.55876033085568,Hold
BOSCHLTD,Mar 2020,4.785034611222654,6.634132983045094,Avoid
BOSCHLTD,Mar 2021,3.50816557640309,5.100188172373586,Avoid
BOSCHLTD,Mar 2022,7.493495388021188,8.969875556262664,Avoid
BOSCHLTD,Mar 2023,7.795618243825467,9.322097408567695,Avoid
BOSCHLTD,Mar 2024,12.163282386887909,13.622702578497965,Hold
BOSCHLTD,TTM,4.050534499514091,,Avoid
BPCL,Mar 2013,5.127263580014961,6.076792930493045,Avoid
BPCL,Mar 2014,8.456902440799219,9.755505761696245,Avoid
BPCL,Mar 2015,9.143268931030551,10.5371726478885,Avoid
BPCL,Mar 2016,11.861177570179876,13.720585696350836,Hold
BPCL,Mar 2017,12.47222971071385,14.410946905096841,Hold
BPCL,Mar 2018,10.950397760227107,12.735656497683259,Hold
BPCL,Mar 2019,9.012270319959793,10.546667806157599,Avoid
BPCL,Mar 2020,4.4032066328548405,5.500821826847364,Avoid
BPCL,Mar 2021,13.765084531367293,15.863551778173493,Hold
BPCL,Mar 2022,9.241455925025281,10.858719298244251,Avoid
BPCL,Mar 2023,2.3157948244681914,3.0775722936220538,Avoid
BPCL,Mar 2024,14.573063752939293,16.82001049138337,Hold
BPCL,TTM,1.0273765094782104,,Avoid
BRITANNIA,Mar 2013,18.027784301296002,20.302939496087163,Buy
BRITANNIA,Mar 2014,19.49786249423127,21.996054698373612,Buy
BRITANNIA,Mar 2015,22.307654024727743,25.07506549032765,Strong Buy
BRITANNIA,Mar 2016,17.221382225501586,19.807037604293456,Buy
BRITANNIA,Mar 2017,14.93485018207302,17.29070632745578,Hold
BRITANNIA,Mar 2018,13.838478059432726,16.210447473892355,Hold
BRITANNIA,Mar 2019,13.12575485065829,15.474825585581684,Hold
BRITANNIA,Mar 2020,15.052984840341162,17.51805599359622,Hold
BRITANNIA,Mar 2021,22.634428085381803,25.939384414017425,Strong Buy
BRITANNIA,Mar 2022,23.95582716818731,27.329380454566262,Strong Buy
BRITANNIA,Mar 2023,27.16191936310474,30.714395633850028,Strong Buy
BRITANNIA,Mar 2024,22.907663723096714,26.31376079817183,Strong Buy
BRITANNIA,TTM,4.115441119616485,,Avoid
CANBK,Mar 2013,6.9227417321102935,10.655979325302164,Avoid
CANBK,Mar 2014,5.228759059427042,9.31376052600692,Avoid
CANBK,Mar 2015,5.262972253981563,9.27395895962439,Avoid
CANBK,Mar 2016,-4.499933350842139,1.4665410839526012,Avoid
CANBK,Mar 2017,2.513702552824147,8.013697663005019,Avoid
CANBK,Mar 2018,-6.599609249886099,1.66953307194439,Avoid
CANBK,Mar 2019,1.1218472773051247,8.566284737143729,Avoid
CANBK,Mar 2020,-2.818479756608097,4.478079868268793,Avoid
CANBK,Mar 2021,3.002218444588944,10.87055987194624,Avoid
CANBK,Mar 2022,5.859597974341853,13.219766972545225,Hold
CANBK,Mar 2023,9.268840896452874,15.660482603705058,Hold
CANBK,Mar 2024,10.241070256361862,15.850652190943235,Hold
CANBK,TTM,4.626496471008665,,Avoid
CHOLAFIN,Mar 2013,9.301372067626252,13.875910120054117,Hold
CHOLAFIN,Mar 2014,9.15536093703233,13.954493597552249,Hold
CHOLAFIN,Mar 2015,9.56844211652395,14.348991237253436,Hold
CHOLAFIN,Mar 2016,9.821222270786324,14.606896885888787,Hold
CHOLAFIN,Mar 2017,10.71832527403577,15.240225098863876,Hold
CHOLAFIN,Mar 2018,11.517273263624524,15.796633490345338,Hold
CHOLAFIN,Mar 2019,12.081797045817856,16.07123546574668,Hold
CHOLAFIN,Mar 2020,8.362638521691443,12.934802116004853,Hold
CHOLAFIN,Mar 2021,10.614663045241224,15.297025068483078,Hold
CHOLAFIN,Mar 2022,13.217071945361255,17.468912398418855,Hold
CHOLAFIN,Mar 2023,13.124855090724315,17.35066847948016,Hold
CHOLAFIN,Mar 2024,11.808135991460366,16.183902762242962,Hold
CHOLAFIN,TTM,5.706159452493112,,Avoid
CIPLA,Mar 2013,12.167444168060813,19.652753931306535,Buy
CIPLA,Mar 2014,9.509725668200046,17.76925000873772,Hold
CIPLA,Mar 2015,7.644827880011261,16.226529758705937,Hold
CIPLA,Mar 2016,7.564160013937638,16.33924311937893,Hold
CIPLA,Mar 2017,5.377061284296399,14.274715716073562,Hold
CIPLA,Mar 2018,6.6588094121988055,15.341787159284156,Hold
CIPLA,Mar 2019,6.581994581115066,15.24880900290383,Hold
CIPLA,Mar 2020,6.334306033491239,15.025546695369755,Hold
CIPLA,Mar 2021,8.758559784114636,16.9646444748614,Hold
CIPLA,Mar 2022,8.244927044860136,16.59639562396718,Hold
CIPLA,Mar 2023,8.443625078713568,16.629187488514372,Hold
CIPLA,Mar 2024,10.821271967078745,18.64341725807609,Buy
CIPLA,TTM,6.1611257304522935,,Avoid
COALINDIA,Mar 2013,20.61065977928173,28.099554502710465,Strong Buy
COALINDIA,Mar 2014,19.237891903315916,27.110697333107144,Strong Buy
COALINDIA,Mar 2015,17.73447012298688,25.922837003336703,Strong Buy
COALINDIA,Mar 2016,19.989201202651234,28.355111921140097,Strong Buy
COALINDIA,Mar 2017,16.793781401645003,26.301537636602955,Strong Buy
COALINDIA,Mar 2018,14.60508780841385,24.75451007061611,Buy
COALINDIA,Mar 2019,28.099745417974617,37.235234127638144,Strong Buy
COALINDIA,Mar 2020,23.318167327164726,32.277714621701385,Strong Buy
COALINDIA,Mar 2021,16.483698257075964,25.28016420949554,Strong Buy
COALINDIA,Mar 2022,18.91022083469869,27.581921880281158,Strong Buy
COALINDIA,Mar 2023,25.236449345673538,32.88125006375944,Strong Buy
COALINDIA,Mar 2024,24.00932906450048,31.033640141648057,Strong Buy
COALINDIA,TTM,8.15945499116356,,Avoid
DABUR,Mar 2013,16.7809006771237,19.347291685650077,Buy
DABUR,Mar 2014,16.264940784674547,18.75523757441213,Buy
DABUR,Mar 2015,15.606759879530097,18.01639739051842,Buy
DABUR,Mar 2016,15.768438607859089,18.241147844673907,Buy
DABUR,Mar 2017,14.734654534454348,17.096874103273333,Hold
DABUR,Mar 2018,14.09100302852395,16.439032224584484,Hold
DABUR,Mar 2019,14.555252576837274,16.93520188362496,Hold
DABUR,Mar 2020,13.174020386791248,15.48247357179711,Hold
DABUR,Mar 2021,13.575159563187048,15.858203396118487,Hold
DABUR,Mar 2022,12.555621009122083,14.883258149270844,Hold
DABUR,Mar 2023,11.518084748163163,13.68180678265857,Hold
DABUR,Mar 2024,11.258895481873408,13.476514362266196,Hold
DABUR,TTM,4.713317800808762,,Avoid
DIVISLAB,Mar 2013,17.606326186469154,21.193960074209087,Buy
DIVISLAB,Mar 2014,19.097109274997706,22.80393877958941,Buy
DIVISLAB,Mar 2015,17.476461742192836,21.079175315744923,Buy
DIVISLAB,Mar 2016,18.939862210305964,22.43220965971757,Buy
DIVISLAB,Mar 2017,15.510049229583059,18.854644582190137,Buy
DIVISLAB,Mar 2018,12.638117221631669,15.760687862350535,Hold
DIVISLAB,Mar 2019,15.806319008080806,19.283231307024494,Buy
DIVISLAB,Mar 2020,14.999285472280159,18.171163944028258,Buy
DIVISLAB,Mar 2021,16.82025267341719,20.605914661566295,Buy
DIVISLAB,Mar 2022,19.648372617462407,23.47744421411027,Buy
DIVISLAB,Mar 2023,12.769748031653625,15.60800891450688,Hold
DIVISLAB,Mar 2024,10.897480232216859,13.629305873453166,Hold
DIVISLAB,TTM,7.10471325748781,,Avoid
DLF,Mar 2013,3.7645428391360785,6.132217582344533,Avoid
DLF,Mar 2014,3.1308086730354883,5.197492969331276,Avoid
DLF,Mar 2015,2.8654046450367434,5.892410591864773,Avoid
DLF,Mar 2016,1.500242682976551,4.792400397386462,Avoid
DLF,Mar 2017,3.8739491963086556,7.0521300861134595,Avoid
DLF,Mar 2018,26.513542711486224,25.499190063764875,Strong Buy
DLF,Mar 2019,6.581925707033828,7.697843124370537,Avoid
DLF,Mar 2020,-3.7676996520936163,-1.8263823696454982,Avoid
DLF,Mar 2021,7.7230274662398415,8.674052803313842,Avoid
DLF,Mar 2022,10.158151658107917,11.062668491845002,Avoid
DLF,Mar 2023,13.740318034235665,14.037859026946492,Hold
DLF,Mar 2024,16.466922963837213,16.644292731573312,Hold
DLF,TTM,19.06394324620292,,Avoid
DMART,Mar 2013,5.655539992872678,8.183405780141422,Avoid
DMART,Mar 2014,7.622861485071635,10.298907721054578,Avoid
DMART,Mar 2015,7.897761990225214,10.56764250052235,Avoid
DMART,Mar 2016,9.177967667950172,11.991060620412616,Avoid
DMART,Mar 2017,6.179344260800863,8.848176365207676,Avoid
DMART,Mar 2018,8.428661754776295,11.151064063037534,Avoid
DMART,Mar 2019,7.836301291103877,10.462258138277827,Avoid
DMART,Mar 2020,6.344178760597575,8.947234433492362,Avoid
DMART,Mar 2021,5.11338021287195,7.586676554604063,Avoid
DMART,Mar 2022,5.908952460314104,8.473467058615372,Avoid
DMART,Mar 2023,7.569160340032721,10.195188011179114,Avoid
DMART,Mar 2024,6.98501032439874,9.560858236067567,Avoid
DMART,TTM,1.5847214211222393,,Avoid
DRREDDY,Mar 2013,12.588158297245032,15.899195801122676,Hold
DRREDDY,Mar 2014,13.478314588460087,16.881586830674692,Hold
DRREDDY,Mar 2015,13.357317294073525,16.574396960884012,Hold
DRREDDY,Mar 2016,10.469503857813942,13.561268379722318,Hold
DRREDDY,Mar 2017,6.764451903462088,9.405000502985178,Avoid
DRREDDY,Mar 2018,4.934266651312454,7.547017845944359,Avoid
DRREDDY,Mar 2019,9.072272377664097,11.900606699841806,Avoid
DRREDDY,Mar 2020,8.436071588991291,10.65028386340974,Avoid
DRREDDY,Mar 2021,7.343113608599297,10.207172104945283,Avoid
DRREDDY,Mar 2022,7.4031412647710235,9.998729251870213,Avoid
DRREDDY,Mar 2023,12.796688347948447,15.982873468660301,Hold
DRREDDY,Mar 2024,13.459416016498652,16.765637693155522,Hold
DRREDDY,TTM,5.81510775240962,,Avoid
EICHERMOT,Dec 2012,11.97607578694668,14.109212164168737,Hold
EICHERMOT,Dec 2013,11.51089803611395,13.78978975784496,Hold
EICHERMOT,Dec 2014,12.433326226946155,14.9838057708936,Hold
EICHERMOT,Mar 2016,19.850771368814126,23.260104050361356,Buy
EICHERMOT,Mar 2017,18.631331835316256,22.118667430903784,Buy
EICHERMOT,Mar 2018,16.8949385845623,20.447147839880913,Buy
EICHERMOT,Mar 2019,16.01656356972583,19.265671670407375,Buy
EICHERMOT,Mar 2020,12.999509405688762,15.645309164295792,Hold
EICHERMOT,Mar 2021,9.274241433539778,11.685877129885032,Avoid
EICHERMOT,Mar 2022,10.074612096762488,12.544967113611989,Hold
EICHERMOT,Mar 2023,13.456384348615229,16.12393964312286,Hold
EICHERMOT,Mar 2024,15.694473592328869,18.423200130853033,Buy
EICHERMOT,TTM,8.324069198213484,,Avoid
GAIL,Mar 2013,8.195248834812867,10.627623805221223,Avoid
GAIL,Mar 2014,7.806189913185648,10.103480100985783,Avoid
GAIL,Mar 2015,5.125180656540432,7.054902010445286,Avoid
GAIL,Mar 2016,3.2098057618756393,5.048925543681397,Avoid
GAIL,Mar 2017,5.45544145094052,7.5625893666986865,Avoid
GAIL,Mar 2018,7.077995118220364,9.34109586531865,Avoid
GAIL,Mar 2019,7.98624847546252,10.189464221440911,Avoid
GAIL,Mar 2020,11.133792372879936,13.168636829942939,Hold
GAIL,Mar 2021,7.655416138104911,9.654430699785411,Avoid
GAIL,Mar 2022,11.138078561284258,13.55075014313046,Hold
GAIL,Mar 2023,4.603913459477336,6.107769495962834,Avoid
GAIL,Mar 2024,7.120916857936717,9.133477432652256,Avoid
GAIL,TTM,2.82699274696688,,Avoid
GODREJCP,Mar 2013,13.172422629950079,15.201947591037563,Hold
GODREJCP,Mar 2014,11.128813165640445,13.164613132305211,Hold
GODREJCP,Mar 2015,11.781267388581739,13.910194898060302,Hold
GODREJCP,Mar 2016,10.07001707397065,12.528483026269125,Hold
GODREJCP,Mar 2017,13.166413958798197,15.63111948853442,Hold
GODREJCP,Mar 2018,14.471573900867957,16.878671912176703,Hold
GODREJCP,Mar 2019,18.555560138421864,20.706149250897976,Buy
GODREJCP,Mar 2020,11.574885620452905,13.907061625200615,Hold
GODREJCP,Mar 2021,11.537156824928237,13.795757271921707,Hold
GODREJCP,Mar 2022,10.238942387477596,12.265107138149238,Hold
GODREJCP,Mar 2023,8.627992519927899,10.539532492516464,Avoid
GODREJCP,Mar 2024,-2.5555066831444906,0.17640208532920143,Avoid
GODREJCP,TTM,-1.0669869983041267,,Avoid
GRASIM,Mar 2013,11.129665195520213,14.000053850483592,Hold
GRASIM,Mar 2014,8.228889917271426,10.740254882623985,Avoid
GRASIM,Mar 2015,6.627286373603668,9.09488944002636,Avoid
GRASIM,Mar 2016,7.731099716004436,10.215587284211257,Avoid
GRASIM,Mar 2017,8.624972697098828,11.358361753201946,Avoid
GRASIM,Mar 2018,4.432170332750687,7.354300497906906,Avoid
GRASIM,Mar 2019,2.8689966376220504,6.006734121008945,Avoid
GRASIM,Mar 2020,7.2431828506875675,9.573688537495805,Avoid
GRASIM,Mar 2021,6.69958191033767,9.95191086285453,Avoid
GRASIM,Mar 2022,8.947909059046511,11.855444798137315,Avoid
GRASIM,Mar 2023,7.94528716949459,10.678558250317673,Avoid
GRASIM,Mar 2024,6.364217612385539,9.370541413318797,Avoid
GRASIM,TTM,2.1132957982049265,,Avoid
HAL,Mar 2013,6.972361809045226,,Avoid
HAL,Mar 2014,5.931064860698161,,Avoid
HAL,Mar 2015,5.060394151303242,,Avoid
HAL,Mar 2016,590.7128576310906,631.8983919376362,Strong Buy
HAL,Mar 2017,695.6931148943964,745.3611832247341,Strong Buy
HAL,Mar 2018,550.2504334859491,584.6298279613907,Strong Buy
HAL,Mar 2019,629.9888376278562,672.1034912541251,Strong Buy
HAL,Mar 2020,732.2107779463591,782.4612863006873,Strong Buy
HAL,Mar 2021,795.4940973726616,852.2288320288901,Strong Buy
HAL,Mar 2022,1155.574065426485,1247.7618964087346,Strong Buy
HAL,Mar 2023,1134.6653097939027,1229.448405493646,Strong Buy
HAL,Mar 2024,1303.0318083411582,1421.4123182625326,Strong Buy
HAL,TTM,9.064646594337805,,Avoid
HAVELLS,Mar 2013,16.67823762791378,19.4603060694525,Buy
HAVELLS,Mar 2014,11.273444259850137,13.813929741127543,Hold
HAVELLS,Mar 2015,9.164077984863491,11.467707220662222,Avoid
HAVELLS,Mar 2016,20.59887116206144,22.952871728480424,Buy
HAVELLS,Mar 2017,8.108079386510717,10.5093123828641,Avoid
HAVELLS,Mar 2018,9.031264656165105,11.451103344193449,Avoid
HAVELLS,Mar 2019,9.334313837596119,11.687998061354019,Avoid
HAVELLS,Mar 2020,8.722041466674016,10.983009947512663,Avoid
HAVELLS,Mar 2021,10.443725759511596,13.077017327408814,Hold
HAVELLS,Mar 2022,9.94291898646479,12.391716546224051,Hold
HAVELLS,Mar 2023,8.011163096293691,10.13777416529702,Avoid
HAVELLS,Mar 2024,8.466499635509855,10.646240134335292,Avoid
HAVELLS,TTM,2.2569360481049796,,Avoid
HCLTECH,Jun 2013,15.874930403564116,19.14611227825536,Buy
HCLTECH,Jun 2014,18.25736568383559,21.60849373637102,Buy
HCLTECH,Jun 2015,17.118333333033146,20.20461262933431,Buy
HCLTECH,Mar 2016 9m,5.997344981157931,,Avoid
HCLTECH,Mar 2017,15.083537840131775,18.030040657548202,Buy
HCLTECH,Mar 2018,14.09074708004096,17.059189338176672,Hold
HCLTECH,Mar 2019,14.082543271935434,17.184525835110676,Hold
HCLTECH,Mar 2020,12.688496984001532,15.94326145367145,Hold
HCLTECH,Mar 2021,11.445058773929938,14.86327467568825,Hold
HCLTECH,Mar 2022,12.86443433463284,16.047203212786602,Hold
HCLTECH,Mar 2023,12.805666730727948,15.906763982573809,Hold
HCLTECH,Mar 2024,12.805739731789012,15.907527837787942,Hold
HCLTECH,TTM,4.938946126894925,,Avoid
HDFCBANK,Mar 2013,12.725267048847812,17.772481269759986,Hold
HDFCBANK,Mar 2014,13.513449403951528,18.156747359049664,Buy
HDFCBANK,Mar 2015,12.7185126688939,17.246515828148244,Hold
HDFCBANK,Mar 2016,12.545418365060714,17.123695748022463,Hold
HDFCBANK,Mar 2017,12.55765786098353,17.15740118558599,Hold
HDFCBANK,Mar 2018,12.925139150260916,17.683538374707755,Hold
HDFCBANK,Mar 2019,12.010699135776434,16.570595688270533,Hold
HDFCBANK,Mar 2020,12.631355117754552,17.56049947359557,Hold
HDFCBANK,Mar 2021,13.345528808122024,18.463258592593785,Buy
HDFCBANK,Mar 2022,14.518257624992584,19.506296498767014,Buy
HDFCBANK,Mar 2023,14.34614238945292,18.95157855913564,Buy
HDFCBANK,Mar 2024,12.4943344531359,19.758655509995414,Buy
HDFCBANK,TTM,7.311365197463999,,Avoid
HDFCLIFE,Mar 2013,12.315902572339608,24.906086574510937,Buy
HDFCLIFE,Mar 2014,14.05185939830208,26.733582214520855,Strong Buy
HDFCLIFE,Mar 2015,11.404492893508893,23.97345206943501,Buy
HDFCLIFE,Mar 2016,10.356656743862969,22.485680567589792,Buy
HDFCLIFE,Mar 2017,8.799999928317304,21.12563477850438,Buy
HDFCLIFE,Mar 2018,9.08388208787736,21.374802736232894,Buy
HDFCLIFE,Mar 2019,8.746510873960888,21.036777967712258,Buy
HDFCLIFE,Mar 2020,7.896893837896212,19.929327281562855,Buy
HDFCLIFE,Mar 2021,6.017735688680308,18.294086091946895,Buy
HDFCLIFE,Mar 2022,3.5888620642123157,15.692974151849224,Hold
HDFCLIFE,Mar 2023,4.253427966534828,16.532920722857227,Hold
HDFCLIFE,Mar 2024,4.206196804899586,16.46933645235734,Hold
HDFCLIFE,TTM,0.5778721602561557,,Avoid
HEROMOTOCO,Mar 2014,16.06524492945344,25.149973466590797,Strong Buy
HEROMOTOCO,Mar 2015,15.77201576862263,24.91058211068475,Buy
HEROMOTOCO,Mar 2016,16.123327031337904,24.861123024018912,Buy
HEROMOTOCO,Mar 2017,16.21217506769717,24.83268545749695,Buy
HEROMOTOCO,Mar 2018,14.807352958722296,23.339876295795648,Buy
HEROMOTOCO,Mar 2019,12.818792101304483,21.449011791768587,Buy
HEROMOTOCO,Mar 2020,13.131255859247885,21.71996217141933,Buy
HEROMOTOCO,Mar 2021,9.956368970037685,18.64012226584563,Buy
HEROMOTOCO,Mar 2022,7.96424707837419,16.822786178283774,Hold
HEROMOTOCO,Mar 2023,8.81204976037848,17.603177828355356,Hold
HEROMOTOCO,Mar 2024,10.82990341304272,19.463350673867364,Buy
HEROMOTOCO,TTM,3.4357490814171947,,Avoid
HINDALCO,Mar 2013,4.308629843226855,14.330462507562748,Hold
HINDALCO,Mar 2014,2.848139528235413,12.899553913499668,Hold
HINDALCO,Mar 2015,0.5532617143647953,10.647520175524193,Avoid
HINDALCO,Mar 2016,-0.5799360641979102,9.564639881074692,Avoid
HINDALCO,Mar 2017,2.2167075543344823,11.942982996225206,Avoid
HINDALCO,Mar 2018,5.718162081386656,15.47518798005263,Hold
HINDALCO,Mar 2019,4.874905317343839,14.640461123560046,Hold
HINDALCO,Mar 2020,3.449555156576738,13.183635175217086,Hold
HINDALCO,Mar 2021,2.8575286913503284,12.468464566957177,Hold
HINDALCO,Mar 2022,8.492560003710594,18.067830124396043,Buy
HINDALCO,Mar 2023,5.390863541887764,15.321343540793409,Hold
HINDALCO,Mar 2024,5.068416818429227,14.871452667104773,Hold
HINDALCO,TTM,1.858184014974987,,Avoid
HINDUNILVR,Mar 2013,50.1487113409911,62.682567381358375,Strong Buy
HINDUNILVR,Mar 2014,42.501292218761556,54.29520541092798,Strong Buy
HINDUNILVR,Mar 2015,41.52304634573669,53.12078986702161,Strong Buy
HINDUNILVR,Mar 2016,26.074986725147042,36.07144039118325,Strong Buy
HINDUNILVR,Mar 2017,27.4095715307101,37.416076665349706,Strong Buy
HINDUNILVR,Mar 2018,29.494957068259563,39.41620664309461,Strong Buy
HINDUNILVR,Mar 2019,31.518903278779632,41.39820378460794,Strong Buy
HINDUNILVR,Mar 2020,33.685355734697836,43.43217186710254,Strong Buy
HINDUNILVR,Mar 2021,11.49056554038642,19.279747619777712,Buy
HINDUNILVR,Mar 2022,11.94093640660524,19.789327647322995,Buy
HINDUNILVR,Mar 2023,12.578514881307534,20.610994532355107,Buy
HINDUNILVR,Mar 2024,12.491768012375514,20.50372479896958,Buy
HINDUNILVR,TTM,5.72232595500657,,Avoid
ICICIBANK,Mar 2013,12.455686849595473,20.21500244982877,Buy
ICICIBANK,Mar 2014,12.981370903112222,20.270867466336703,Buy
ICICIBANK,Mar 2015,12.963922131004004,20.67035515185712,Buy
ICICIBANK,Mar 2016,10.03460118735996,19.719661728982253,Buy
ICICIBANK,Mar 2017,9.836091472248501,21.147531390229013,Buy
ICICIBANK,Mar 2018,7.640025331012638,20.366353031195743,Buy
ICICIBANK,Mar 2019,4.313590522686507,17.30631804752271,Hold
ICICIBANK,Mar 2020,7.473997487638059,18.6728209761161,Buy
ICICIBANK,Mar 2021,11.939369969872113,22.80375192710945,Buy
ICICIBANK,Mar 2022,14.149026351858828,22.96525546189084,Buy
ICICIBANK,Mar 2023,15.29476610056698,22.86530912279926,Buy
ICICIBANK,Mar 2024,15.64858589688322,22.27752846637089,Buy
ICICIBANK,TTM,9.67704415926802,,Avoid
ICICIGI,Mar 2013,9.331029983228882,21.057937995330565,Buy
ICICIGI,Mar 2014,11.321556472712677,23.010126465999075,Buy
ICICIGI,Mar 2015,11.458693739157754,22.980399978899822,Buy
ICICIGI,Mar 2016,8.150428549099965,18.07275400882273,Buy
ICICIGI,Mar 2017,9.21751135468885,19.210269007259836,Buy
ICICIGI,Mar 2018,10.56200130005349,21.994678647612528,Buy
ICICIGI,Mar 2019,9.719077645453194,19.480317755112356,Buy
ICICIGI,Mar 2020,10.047825332420247,19.70610096332462,Buy
ICICIGI,Mar 2021,10.60202539726511,19.977102719793248,Buy
ICICIGI,Mar 2022,7.357257986868327,17.893892823982885,Hold
ICICIGI,Mar 2023,8.850552240637148,19.28739338509823,Buy
ICICIGI,Mar 2024,8.471196104548342,18.3500316314304,Buy
ICICIGI,TTM,3.602134386220906,,Avoid
ICICIPRULI,Mar 2013,15.359893118152181,27.3990493484132,Strong Buy
ICICIPRULI,Mar 2014,14.338429157787003,26.003231376748847,Strong Buy
ICICIPRULI,Mar 2015,12.083199999763217,23.952065805741963,Buy
ICICIPRULI,Mar 2016,13.036871235219662,24.311336062798553,Buy
ICICIPRULI,Mar 2017,10.335881101834124,22.07147707867647,Buy
ICICIPRULI,Mar 2018,9.690125137249906,21.416641062219917,Buy
ICICIPRULI,Mar 2019,6.5260616812396,18.40763930813341,Buy
ICICIPRULI,Mar 2020,6.667465007810313,18.636494791675634,Buy
ICICIPRULI,Mar 2021,4.009113594328144,15.950393595463625,Hold
ICICIPRULI,Mar 2022,3.247316784408159,15.4260770348684,Hold
ICICIPRULI,Mar 2023,3.2884599379813424,15.449859191679254,Hold
ICICIPRULI,Mar 2024,2.9924063068701408,15.024538372221077,Hold
ICICIPRULI,TTM,0.4185358978325513,,Avoid
INDUSINDBK,Mar 2013,9.731645085664798,13.504553854167229,Hold
INDUSINDBK,Mar 2014,10.907765111158199,14.919201849196616,Hold
INDUSINDBK,Mar 2015,11.817125995002343,15.913050269747929,Hold
INDUSINDBK,Mar 2016,10.752215084861318,14.962909378044294,Hold
INDUSINDBK,Mar 2017,11.293440399787213,15.911397715473973,Hold
INDUSINDBK,Mar 2018,12.023342055486168,16.466579986869444,Hold
INDUSINDBK,Mar 2019,9.092844556065181,14.223314286986223,Hold
INDUSINDBK,Mar 2020,9.390832239947155,14.707639741528235,Hold
INDUSINDBK,Mar 2021,5.466347456047217,12.085278913756582,Hold
INDUSINDBK,Mar 2022,8.234613948202748,14.235917012506249,Hold
INDUSINDBK,Mar 2023,11.309616283950126,16.21154646760762,Hold
INDUSINDBK,Mar 2024,11.301604084152757,15.863095450537156,Hold
INDUSINDBK,TTM,5.524719070552063,,Avoid
INFY,Mar 2013,16.351984077666856,19.65543229510412,Buy
INFY,Mar 2014,15.35514886971552,18.58000287563198,Buy
INFY,Mar 2015,16.131043211082066,19.374218278036665,Buy
INFY,Mar 2016,14.760303475666946,17.964984524124702,Hold
INFY,Mar 2017,14.196232314689544,17.391856520571608,Hold
INFY,Mar 2018,16.10236065845694,19.25089189560699,Buy
INFY,Mar 2019,14.44979239974559,17.59382935677258,Hold
INFY,Mar 2020,14.912724999749257,18.146080987719753,Buy
INFY,Mar 2021,15.235124088816884,18.734353792040633,Buy
INFY,Mar 2022,16.212985204531986,19.71411190989312,Buy
INFY,Mar 2023,16.524828551504527,20.012709041355944,Buy
INFY,Mar 2024,15.999508171693341,19.35577021445874,Buy
INFY,TTM,5.768557641823136,,Avoid
IOC,Mar 2013,2.8161156318575205,3.7385190243485438,Avoid
IOC,Mar 2014,4.5071921970417455,5.6016648195217105,Avoid
IOC,Mar 2015,3.3612961159470753,4.240911846360902,Avoid
IOC,Mar 2016,6.291933805049151,7.701588631603639,Avoid
IOC,Mar 2017,9.000322288814678,10.8289923079593,Avoid
IOC,Mar 2018,8.887345315513029,10.743692011807704,Avoid
IOC,Mar 2019,6.734798542619887,8.234881393486434,Avoid
IOC,Mar 2020,-0.29605804507206895,0.5527280516331552,Avoid
IOC,Mar 2021,8.820895980279682,10.798189013044192,Avoid
IOC,Mar 2022,8.355308460223483,10.078819748186007,Avoid
IOC,Mar 2023,3.890522371976793,4.925154370922935,Avoid
IOC,Mar 2024,10.233165678892542,12.154231644866025,Hold
IOC,TTM,0.47753184019820916,,Avoid
IRCTC,Mar 2015,14.262008252639333,17.500237416266838,Hold
IRCTC,Mar 2016,16.54934407856616,19.817336294513783,Buy
IRCTC,Mar 2017,14.998683321163035,18.68727806130378,Buy
IRCTC,Mar 2018,12.949521467111706,16.275567773405,Hold
IRCTC,Mar 2019,15.365499719665442,18.94959274244031,Buy
IRCTC,Mar 2020,20.79955210713899,25.375019966634017,Strong Buy
IRCTC,Mar 2021,12.38558754329449,15.383729916583391,Hold
IRCTC,Mar 2022,23.6343212601523,28.835901136603404,Strong Buy
IRCTC,Mar 2023,23.234374670172972,27.977145706740668,Strong Buy
IRCTC,Mar 2024,20.372018168546575,24.896394855838167,Buy
IRCTC,TTM,8.978675645342312,,Avoid
IRFC,Mar 2013,5.882582917109204,17.381973091391693,Hold
IRFC,Mar 2014,6.885264948823992,18.30417186663312,Buy
IRFC,Mar 2015,6.577880431089759,17.985459665967472,Hold
IRFC,Mar 2016,6.248430548687963,17.583527086284075,Hold
IRFC,Mar 2017,6.057048216658312,17.494671767959513,Hold
IRFC,Mar 2018,12.32910165193158,23.198981531116278,Buy
IRFC,Mar 2019,9.772359227796828,20.576479878227477,Buy
IRFC,Mar 2020,11.455779397420429,22.071075534390374,Buy
IRFC,Mar 2021,13.446083828996883,23.817041538830868,Buy
IRFC,Mar 2022,14.967111422771234,25.30155111292164,Strong Buy
IRFC,Mar 2023,13.282542989985721,23.851937795814603,Buy
IRFC,Mar 2024,12.385855555963952,23.064459843741762,Buy
IRFC,TTM,8.099769533863654,,Avoid
ITC,Mar 2013,19.509315957530667,23.188596861684502,Buy
ITC,Mar 2014,19.801844911255184,23.559491852158658,Buy
ITC,Mar 2015,18.950295547285545,22.623709410086732,Buy
ITC,Mar 2016,15.753996463237252,19.256064313999115,Buy
ITC,Mar 2017,15.945270832463875,19.3492379942714,Buy
ITC,Mar 2018,16.338435111015784,19.789228676775597,Buy
ITC,Mar 2019,16.31049117198641,19.78112855533255,Buy
ITC,Mar 2020,18.70005552229712,21.996792824721147,Buy
ITC,Mar 2021,16.671426262848126,19.74751847303138,Buy
ITC,Mar 2022,17.05726515278136,20.24512969270176,Buy
ITC,Mar 2023,18.818086044307368,22.20768596674427,Buy
ITC,Mar 2024,19.301815808654155,22.646100487865805,Buy
ITC,TTM,9.240700073201571,,Avoid
JINDALSTEL,Mar 2013,9.713775338180392,12.348109854198515,Hold
JINDALSTEL,Mar 2014,6.165498546050453,8.88982417428916,Avoid
JINDALSTEL,Mar 2015,-4.709264676006021,-1.5267946444180363,Avoid
JINDALSTEL,Mar 2016,-8.387490416971728,-5.777412857599807,Avoid
JINDALSTEL,Mar 2017,-6.651833722531474,-3.870092327062204,Avoid
JINDALSTEL,Mar 2018,-3.2667572219753467,-1.099091031329512,Avoid
JINDALSTEL,Mar 2019,-4.0418198837011925,-2.1068963451924785,Avoid
JINDALSTEL,Mar 2020,-0.6256206892930997,1.2740600619168727,Avoid
JINDALSTEL,Mar 2021,8.732001276517773,11.58411467557182,Avoid
JINDALSTEL,Mar 2022,10.96116191514706,13.773686669905802,Hold
JINDALSTEL,Mar 2023,6.167275874263016,7.89226592520602,Avoid
JINDALSTEL,Mar 2024,8.617654127746615,10.337227736797605,Avoid
JINDALSTEL,TTM,3.3720519535909688,,Avoid
JIOFIN,Mar 2023,22.972148273310058,,Avoid
JIOFIN,Mar 2024,29.229724223321615,,Avoid
JIOFIN,TTM,27.218834688346885,,Avoid
JSWENERGY,Mar 2013,8.371999064423928,11.732196164271727,Avoid
JSWENERGY,Mar 2014,6.934505875868691,10.891139228591962,Avoid
JSWENERGY,Mar 2015,11.024449478567012,14.92294010479279,Hold
JSWENERGY,Mar 2016,10.083712115573286,14.106261616728725,Hold
JSWENERGY,Mar 2017,4.612997302834515,8.752872920682881,Avoid
JSWENERGY,Mar 2018,0.7074440231466309,4.450945537727646,Avoid
JSWENERGY,Mar 2019,4.541171425207482,7.768589016518056,Avoid
JSWENERGY,Mar 2020,7.560198343561585,10.98546855558891,Avoid
JSWENERGY,Mar 2021,5.942292833296292,9.971055102562449,Avoid
JSWENERGY,Mar 2022,10.539415647654481,14.247328113543833,Hold
JSWENERGY,Mar 2023,7.4941425270828645,10.412973567940426,Avoid
JSWENERGY,Mar 2024,7.832548775032006,12.227913026740994,Hold
JSWENERGY,TTM,5.804718523709414,,Avoid
JSWSTEEL,Mar 2013,2.846521081664903,6.0194347114700975,Avoid
JSWSTEEL,Mar 2014,1.1143719961395437,4.365502977625235,Avoid
JSWSTEEL,Mar 2015,3.8648843489915006,7.130333403046979,Avoid
JSWSTEEL,Mar 2016,-1.0622121002566978,1.9516517230071375,Avoid
JSWSTEEL,Mar 2017,7.39195386903694,11.154777234174192,Avoid
JSWSTEEL,Mar 2018,10.37134123269081,14.035825942177434,Hold
JSWSTEEL,Mar 2019,10.41308670038813,14.212460789123213,Hold
JSWSTEEL,Mar 2020,5.53627558198714,8.615213634987558,Avoid
JSWSTEEL,Mar 2021,9.078331737235859,12.979731685152807,Hold
JSWSTEEL,Mar 2022,15.387507273158091,19.579044545052316,Buy
JSWSTEEL,Mar 2023,3.194188076272902,5.779475712904475,Avoid
JSWSTEEL,Mar 2024,5.816012765941507,8.900222287116195,Avoid
JSWSTEEL,TTM,0.6483667500616653,,Avoid
KOTAKBANK,Mar 2013,11.800733013773824,18.34158933881772,Buy
KOTAKBANK,Mar 2014,11.474158804396204,17.730029266049254,Hold
KOTAKBANK,Mar 2015,12.472178496461678,20.018541418327054,Buy
KOTAKBANK,Mar 2016,9.306607865567821,15.501840464924758,Hold
KOTAKBANK,Mar 2017,11.86747735573985,18.785776904537602,Buy
KOTAKBANK,Mar 2018,12.456984777220924,19.236609234137397,Buy
KOTAKBANK,Mar 2019,12.230876623725566,18.99924035759103,Buy
KOTAKBANK,Mar 2020,12.880480244820973,19.68329114450679,Buy
KOTAKBANK,Mar 2021,14.117449793742963,22.90709703982473,Buy
KOTAKBANK,Mar 2022,16.13221056372751,24.600628428017405,Buy
KOTAKBANK,Mar 2023,16.274803716161234,23.64391342023965,Buy
KOTAKBANK,Mar 2024,15.490808892951344,23.505356875903008,Buy
KOTAKBANK,TTM,11.724665511373395,,Avoid
LICI,Mar 2019,108.31580097107546,119.9876497287139,Strong Buy
LICI,Mar 2020,90.35667677386535,100.01869122065028,Strong Buy
LICI,Mar 2021,14.604162998001271,16.79780397970884,Hold
LICI,Mar 2022,12.374079119304973,14.382425554250938,Hold
LICI,Mar 2023,27.539707316147418,31.052590165001444,Strong Buy
LICI,Mar 2024,18.14761509087261,20.650363819344058,Buy
LICI,TTM,1.5425258470166103,,Avoid
LODHA,Mar 2011,15.954080456285292,18.352710418009483,Buy
LODHA,Mar 2012,15.684362185746197,18.067189621514157,Buy
LODHA,Mar 2015,12.415086644343212,14.401852348671477,Hold
LODHA,Mar 2016,8.827647513070868,11.099217853958162,Avoid
LODHA,Mar 2017,7.360760906685744,9.066639222421768,Avoid
LODHA,Mar 2018,7.952309762676584,9.334097225899933,Avoid
LODHA,Mar 2019,18.949049201588654,21.802353858619448,Buy
LODHA,Mar 2020,7.523165601146414,8.875632715496328,Avoid
LODHA,Mar 2021,0.6877413038320562,2.895781622013297,Avoid
LODHA,Mar 2022,7.767481843639473,9.272390511067565,Avoid
LODHA,Mar 2023,3.095279632223443,4.73548575070019,Avoid
LODHA,Mar 2024,8.059435023270801,9.615632625898298,Avoid
LODHA,TTM,6.1662000884043024,,Avoid
LT,Mar 2013,144.74154570837734,154.67572316151157,Strong Buy
LT,Mar 2014,113.68759498122398,120.7914926557004,Strong Buy
LT,Mar 2015,93.79496487440882,99.2004860483758,Strong Buy
LT,Mar 2016,84.29014122903509,88.38341658217223,Strong Buy
LT,Mar 2017,78.99306792181758,83.9038420463442,Strong Buy
LT,Mar 2018,78.8234415839773,84.26634564731135,Strong Buy
LT,Mar 2019,78.88515110792939,84.68488147400062,Strong Buy
LT,Mar 2020,75.19389344392927,81.38625337339876,Strong Buy
LT,Mar 2021,66.36882164998131,72.27451084355951,Strong Buy
LT,Mar 2022,29.062131910189198,32.36839572913942,Strong Buy
LT,Mar 2023,30.055737250777508,33.33193880651633,Strong Buy
LT,Mar 2024,30.907992132369657,34.07480784820488,Strong Buy
LT,TTM,2.2535627920735988,,Avoid
LTIM,Mar 2013,19.40648076106964,24.849079174528175,Buy
LTIM,Mar 2014,27.98423928054427,33.75348150463612,Strong Buy
LTIM,Mar 2015,18.358709134803558,23.3673476921358,Buy
LTIM,Mar 2016,18.501705570283026,23.34059303991602,Buy
LTIM,Mar 2017,15.764067011248287,20.477511268880768,Buy
LTIM,Mar 2018,15.132530278401122,19.50765188641238,Buy
LTIM,Mar 2019,16.149875099869853,20.902893455563746,Buy
LTIM,Mar 2020,14.44444395253793,19.142932964966455,Buy
LTIM,Mar 2021,14.451923117312324,19.335246709548557,Buy
LTIM,Mar 2022,14.681203904743855,19.426023433562612,Buy
LTIM,Mar 2023,13.76073233323791,18.398876343069233,Buy
LTIM,Mar 2024,12.367720405608146,16.88696229154194,Hold
LTIM,TTM,4.106403799366174,,Avoid
M&M,Mar 2013,9.199479357255212,11.248951021084004,Avoid
M&M,Mar 2014,9.97342712386442,12.064202014110853,Hold
M&M,Mar 2015,6.188310864562218,7.997204542325892,Avoid
M&M,Mar 2016,6.2870081444903,8.208550280986296,Avoid
M&M,Mar 2017,6.391868629944344,8.265742724760822,Avoid
M&M,Mar 2018,10.318733766091407,12.371565491398705,Hold
M&M,Mar 2019,7.147169461146505,9.194082500937167,Avoid
M&M,Mar 2020,-0.25802228218397677,1.5993178120929956,Avoid
M&M,Mar 2021,2.0406805864180595,4.081625160589016,Avoid
M&M,Mar 2022,7.986103582310766,10.088089904889715,Avoid
M&M,Mar 2023,10.05053746922034,12.255677432698494,Hold
M&M,Mar 2024,9.317484363534073,11.622276638591854,Avoid
M&M,TTM,2.9722696313965256,,Avoid
MARUTI,Mar 2013,6.722015634468634,8.550029113785149,Avoid
MARUTI,Mar 2014,7.033144775730321,9.055826967908263,Avoid
MARUTI,Mar 2015,8.211551216366233,10.395889141301307,Avoid
MARUTI,Mar 2016,9.615919229138326,11.971380938842637,Avoid
MARUTI,Mar 2017,10.867022650735835,13.170064859036886,Hold
MARUTI,Mar 2018,9.905774380892762,12.213309389240251,Hold
MARUTI,Mar 2019,8.82728928818639,10.887542793944908,Avoid
MARUTI,Mar 2020,6.728209433529514,8.435860033669758,Avoid
MARUTI,Mar 2021,5.1942099932191335,6.71267247887582,Avoid
MARUTI,Mar 2022,4.195956372653214,5.641852516814388,Avoid
MARUTI,Mar 2023,6.413244815878898,8.279269463779645,Avoid
MARUTI,Mar 2024,8.829593522467322,10.879686940508149,Avoid
MARUTI,TTM,3.2184905391849674,,Avoid
MOTHERSON,Mar 2013,7.839728970215728,9.553884068433037,Avoid
MOTHERSON,Mar 2014,14.225124260170213,16.59704229397772,Hold
MOTHERSON,Mar 2015,14.861839543938197,17.318958295448933,Hold
MOTHERSON,Mar 2016,15.668318863214632,18.25432757485984,Buy
MOTHERSON,Mar 2017,10.903122548363681,13.120849783899944,Hold
MOTHERSON,Mar 2018,9.4673350691068,11.539900735357918,Avoid
MOTHERSON,Mar 2019,7.975205785922623,9.90819625321,Avoid
MOTHERSON,Mar 2020,4.9901029030206425,6.693681989401914,Avoid
MOTHERSON,Mar 2021,5.475804564653597,7.192321063759688,Avoid
MOTHERSON,Mar 2022,2.9130164255215707,4.450264599459495,Avoid
MOTHERSON,Mar 2023,3.6141196821231296,5.221034016241698,Avoid
MOTHERSON,Mar 2024,5.2596649643266105,7.110699654895431,Avoid
MOTHERSON,TTM,1.2564529203464312,,Avoid
NAUKRI,Mar 2013,9.724605375791816,13.248031501455229,Hold
NAUKRI,Mar 2014,6.681829223653124,9.607588333166952,Avoid
NAUKRI,Mar 2015,-0.8572638953002222,1.1811166089931917,Avoid
NAUKRI,Mar 2016,7.937137516645731,10.0041744157511,Avoid
NAUKRI,Mar 2017,-2.3702698726110967,-0.5989215269162598,Avoid
NAUKRI,Mar 2018,25.195955015527574,26.49718240169883,Strong Buy
NAUKRI,Mar 2019,25.024685093490252,24.10180723490803,Buy
NAUKRI,Mar 2020,-9.834593608377356,-9.989437589787878,Avoid
NAUKRI,Mar 2021,50.72240670326937,45.555898702538165,Strong Buy
NAUKRI,Mar 2022,295.1630131369589,248.11274061790388,Strong Buy
NAUKRI,Mar 2023,-1.121811674321634,2.2315966923231043,Avoid
NAUKRI,Mar 2024,8.499526004538847,11.504837710282118,Avoid
NAUKRI,TTM,6.899574254946156,,Avoid
NESTLEIND,Dec 2013,20.295128241162214,24.40444752662202,Buy
NESTLEIND,Dec 2014,18.495708962212273,22.328185259951383,Buy
NESTLEIND,Dec 2015,9.405299148604293,12.745635361772061,Hold
NESTLEIND,Dec 2016,14.264215969942263,17.805961826083568,Hold
NESTLEIND,Dec 2017,16.471991963925316,20.173419990702456,Buy
NESTLEIND,Dec 2018,19.793052748099168,23.843453659535314,Buy
NESTLEIND,Dec 2019,40.08066995855805,45.97337727125809,Strong Buy
NESTLEIND,Dec 2020,40.13524521596109,46.10474636487432,Strong Buy
NESTLEIND,Dec 2021,41.66566409082039,47.908759281448035,Strong Buy
NESTLEIND,Dec 2022,37.75564151045148,43.388083241572524,Strong Buy
NESTLEIND,Dec 2023,46.59015119077725,53.047783010060456,Strong Buy
NESTLEIND,Mar 2024,45.39848944153408,51.700387656671076,Strong Buy
NESTLEIND,TTM,5.598234441861249,,Avoid
NHPC,Mar 2013,18.256390635733997,22.205953012739545,Buy
NHPC,Mar 2014,9.334019412619762,14.049624186881157,Hold
NHPC,Mar 2015,14.42180778164425,18.818729216461435,Buy
NHPC,Mar 2016,11.972258460641305,16.17731078535318,Hold
NHPC,Mar 2017,17.49808357608645,20.987441546840664,Buy
NHPC,Mar 2018,15.10206811688132,18.614154493609522,Buy
NHPC,Mar 2019,13.63791464671138,17.50262800718527,Hold
NHPC,Mar 2020,14.74099582917133,18.42633396567087,Buy
NHPC,Mar 2021,16.11231659841599,19.575348614385504,Buy
NHPC,Mar 2022,17.399509088204677,19.517171428552164,Buy
NHPC,Mar 2023,17.274329294991556,20.930108865601458,Buy
NHPC,Mar 2024,17.44330264454312,20.11574732948298,Buy
NHPC,TTM,11.75438596491228,,Avoid
NTPC,Mar 2013,11.163592549163836,14.19978943845734,Hold
NTPC,Mar 2014,9.335525978183789,12.475478281899166,Hold
NTPC,Mar 2015,8.34401585109507,11.248128740154668,Avoid
NTPC,Mar 2016,8.929455334350942,12.040019698003062,Hold
NTPC,Mar 2017,8.113311636957134,11.4072774240063,Avoid
NTPC,Mar 2018,7.458446623041488,10.72435129404652,Avoid
NTPC,Mar 2019,8.961874520672199,11.887363951852034,Avoid
NTPC,Mar 2020,7.05934845202248,10.727516488690648,Avoid
NTPC,Mar 2021,8.53547082284171,12.265262100400756,Hold
NTPC,Mar 2022,8.543665097703224,12.32016133714811,Hold
NTPC,Mar 2023,7.2518541111934995,10.84973298526453,Avoid
NTPC,Mar 2024,8.532223009315306,12.220567445252,Hold
NTPC,TTM,4.042849252971259,,Avoid
ONGC,Mar 2013,10.394212682198232,13.21005233832193,Hold
ONGC,Mar 2014,10.446359509458711,13.37403091211533,Hold
ONGC,Mar 2015,7.095811544000045,9.939369558708863,Avoid
ONGC,Mar 2016,5.84979211308407,9.161013409750836,Avoid
ONGC,Mar 2017,8.65544134657825,10.930500218190112,Avoid
ONGC,Mar 2018,7.185963415656636,9.41909801330176,Avoid
ONGC,Mar 2019,8.183367966630657,10.50004028869585,Avoid
ONGC,Mar 2020,3.0844937554799787,4.961469121466353,Avoid
ONGC,Mar 2021,5.7522215787129705,7.8404994878538785,Avoid
ONGC,Mar 2022,9.957422366847505,12.107214934533548,Hold
ONGC,Mar 2023,5.964907512611906,7.731239917381198,Avoid
ONGC,Mar 2024,9.142968555193164,11.363944725946432,Avoid
ONGC,TTM,2.1416115323149545,,Avoid
PFC,Mar 2013,14.825413425720368,18.29015648636015,Buy
PFC,Mar 2014,15.157041176058364,18.760721252892555,Buy
PFC,Mar 2015,14.220422685912325,17.699098807734728,Hold
PFC,Mar 2016,13.157675313505605,16.627781048882238,Hold
PFC,Mar 2017,4.760655415643762,7.425312428221714,Avoid
PFC,Mar 2018,13.423030921530774,16.462447640912206,Hold
PFC,Mar 2019,16.757381533376968,20.47445381698945,Buy
PFC,Mar 2020,11.504260741839916,14.474006999973499,Hold
PFC,Mar 2021,15.96255444515608,19.228188618360956,Buy
PFC,Mar 2022,16.963602166008524,20.347929909407757,Buy
PFC,Mar 2023,17.50515465402947,21.031415265519335,Buy
PFC,Mar 2024,18.3885383722845,22.09497530220801,Buy
PFC,TTM,9.593283886217296,,Avoid
PIDILITIND,Mar 2013,12.87179095396896,15.426105828184618,Hold
PIDILITIND,Mar 2014,11.674235375634685,14.251432542963306,Hold
PIDILITIND,Mar 2015,11.571824614641123,14.151312977389715,Hold
PIDILITIND,Mar 2016,15.695992000425713,18.84360821258144,Buy
PIDILITIND,Mar 2017,13.801597770792853,16.840587520824123,Hold
PIDILITIND,Mar 2018,14.696998803004462,17.73386375776395,Hold
PIDILITIND,Mar 2019,12.227374712257635,15.020225553588562,Hold
PIDILITIND,Mar 2020,13.893412177216717,16.865543359250616,Hold
PIDILITIND,Mar 2021,12.133068123016843,15.132747801043813,Hold
PIDILITIND,Mar 2022,10.68622777140263,13.384023320328561,Hold
PIDILITIND,Mar 2023,9.973607844039634,12.521060768570026,Hold
PIDILITIND,Mar 2024,11.971258605062609,14.923363959167208,Hold
PIDILITIND,TTM,5.09779603648296,,Avoid
PNB,Mar 2013,276.52647575270475,,Avoid
PNB,Mar 2014,135.1432655447587,,Avoid
PNB,Mar 2015,77.67941198029713,,Avoid
PNB,Mar 2016,-56.25225745589773,,Avoid
PNB,Mar 2017,8.636355247455379,,Avoid
PNB,Mar 2018,-69.48286434876432,,Avoid
PNB,Mar 2019,-48.712499781212905,,Avoid
PNB,Mar 2020,2.560780617077538,,Avoid
PNB,Mar 2021,11.610471247078616,,Avoid
PNB,Mar 2022,15.38687470612946,,Avoid
PNB,Mar 2023,11.94506169122694,,Avoid
PNB,Mar 2024,23.741167393902362,,Avoid
PNB,TTM,4.172192273909374,,Avoid
POWERGRID,Mar 2013,16.474039767987495,23.636756227938278,Buy
POWERGRID,Mar 2014,14.151838552506433,21.508441020035757,Buy
POWERGRID,Mar 2015,14.001637375539481,21.564392371798068,Buy
POWERGRID,Mar 2016,14.173981301789539,22.038868254349413,Buy
POWERGRID,Mar 2017,14.6896603018742,22.520227723691296,Buy
POWERGRID,Mar 2018,14.198420133114013,22.070767931663664,Buy
POWERGRID,Mar 2019,15.247736994010962,22.111618711875863,Buy
POWERGRID,Mar 2020,15.513621921557023,23.369479593488503,Buy
POWERGRID,Mar 2021,15.909436861805132,23.789801257328733,Buy
POWERGRID,Mar 2022,20.883973136744817,28.055572983316996,Strong Buy
POWERGRID,Mar 2023,17.522287704846242,25.08637583731119,Strong Buy
POWERGRID,Mar 2024,17.34102236536847,24.88001924510282,Buy
POWERGRID,TTM,11.432230274455017,,Avoid
RECLTD,Mar 2013,16.694444136979637,26.598671155747848,Strong Buy
RECLTD,Mar 2014,16.80991199788829,26.716972182808842,Strong Buy
RECLTD,Mar 2015,15.813019408654684,25.5453912094555,Strong Buy
RECLTD,Mar 2016,14.467675516883247,24.169790907356802,Buy
RECLTD,Mar 2017,14.934564375510485,24.369241033527512,Buy
RECLTD,Mar 2018,11.132054261839075,20.104829580150945,Buy
RECLTD,Mar 2019,13.099599817827198,22.79674749597344,Buy
RECLTD,Mar 2020,10.246035338513815,19.59726850653639,Buy
RECLTD,Mar 2021,14.264818788868313,23.725506452760666,Buy
RECLTD,Mar 2022,15.068703405825545,24.10340930113693,Buy
RECLTD,Mar 2023,15.859809954691622,25.4641885838365,Strong Buy
RECLTD,Mar 2024,16.75050412966262,26.842414333519756,Strong Buy
RECLTD,TTM,9.636175309121512,,Avoid
RELIANCE,Mar 2013,5.946632894442673,7.593607815470747,Avoid
RELIANCE,Mar 2014,5.853514489266247,7.483414357026755,Avoid
RELIANCE,Mar 2015,5.958644098797954,7.735949021521895,Avoid
RELIANCE,Mar 2016,8.101898246548364,10.219372924871996,Avoid
RELIANCE,Mar 2017,7.185953954230005,9.321531010429714,Avoid
RELIANCE,Mar 2018,7.335435014077856,9.656080235082078,Avoid
RELIANCE,Mar 2019,5.95663499321094,8.180816429728518,Avoid
RELIANCE,Mar 2020,5.358461024458293,7.5803793477071535,Avoid
RELIANCE,Mar 2021,6.517580534929109,8.639800877443905,Avoid
RELIANCE,Mar 2022,6.311276837477938,8.397101688848196,Avoid
RELIANCE,Mar 2023,6.44959670607988,8.724937473536734,Avoid
RELIANCE,Mar 2024,6.420092058180423,8.849171977172338,Avoid
RELIANCE,TTM,2.8352758666919193,,Avoid
SBILIFE,Mar 2013,9.179956864334992,12.329068758858467,Hold
SBILIFE,Mar 2014,8.73180740419898,11.845329831744362,Avoid
SBILIFE,Mar 2015,7.964143235638819,11.111445514173482,Avoid
SBILIFE,Mar 2016,7.477163185118804,10.640884415465713,Avoid
SBILIFE,Mar 2017,6.875341129751895,9.963108774275886,Avoid
SBILIFE,Mar 2018,7.090637191494981,10.220145823644637,Avoid
SBILIFE,Mar 2019,6.931629207207654,10.019953087828775,Avoid
SBILIFE,Mar 2020,6.591892113503153,9.60496801451336,Avoid
SBILIFE,Mar 2021,5.379538766221674,8.196973355618255,Avoid
SBILIFE,Mar 2022,5.025534856375043,7.796856759040572,Avoid
SBILIFE,Mar 2023,5.203584251148519,7.89738143097884,Avoid
SBILIFE,Mar 2024,4.823648756026773,7.537877957885708,Avoid
SBILIFE,TTM,0.6178581770749246,,Avoid
SBIN,Mar 2013,3.6820736295661285,,Avoid
SBIN,Mar 2014,2.610607455050019,,Avoid
SBIN,Mar 2015,2.858049563887794,,Avoid
SBIN,Mar 2016,1.9669164026535768,,Avoid
SBIN,Mar 2017,-0.014030702648909871,,Avoid
SBIN,Mar 2018,-0.5457774672082223,,Avoid
SBIN,Mar 2019,0.44094077892958367,,Avoid
SBIN,Mar 2020,2.6113079268142045,,Avoid
SBIN,Mar 2021,2.863084215762065,,Avoid
SBIN,Mar 2022,4.274305998604468,,Avoid
SBIN,Mar 2023,5.486753409625333,,Avoid
SBIN,Mar 2024,5.278137658274683,,Avoid
SBIN,TTM,5.285138851920859,,Avoid
SHREECEM,Jun 2013,15.176331689110894,18.57911039981869,Buy
SHREECEM,Jun 2014,10.418713430599967,13.392747091837238,Hold
SHREECEM,Jun 2015,5.221022809046623,8.086298930743325,Avoid
SHREECEM,Mar 2016 9m,6.909684439608269,,Avoid
SHREECEM,Mar 2017,11.248141296408432,14.618093198754417,Hold
SHREECEM,Mar 2018,10.093414844523434,13.113374335445275,Hold
SHREECEM,Mar 2019,6.463363232918721,9.399981200574436,Avoid
SHREECEM,Mar 2020,8.122822567379776,11.569713182042792,Avoid
SHREECEM,Mar 2021,11.014370436841395,14.316254494452902,Hold
SHREECEM,Mar 2022,5.451477202085072,8.529468767186069,Avoid
SHREECEM,Mar 2023,8.88669468918164,11.003838124352217,Avoid
SHREECEM,Mar 2024,5.850212103435158,8.678407404586016,Avoid
SHREECEM,TTM,2.9172137494529173,,Avoid
SHRIRAMFIN,Mar 2013,13.652913003758345,17.866095370427303,Hold
SHRIRAMFIN,Mar 2014,10.713790363406076,14.36502916725927,Hold
SHRIRAMFIN,Mar 2015,7.48129685256459,10.778354980132079,Avoid
SHRIRAMFIN,Mar 2016,7.739067974061285,10.956333200912658,Avoid
SHRIRAMFIN,Mar 2017,7.643280267841345,10.881845468132617,Avoid
SHRIRAMFIN,Mar 2018,12.54559868786734,16.558654878146115,Hold
SHRIRAMFIN,Mar 2019,10.955178616704353,14.665712961898842,Hold
SHRIRAMFIN,Mar 2020,9.719807790988066,13.154632989487821,Hold
SHRIRAMFIN,Mar 2021,8.661718476466993,11.875378860886777,Avoid
SHRIRAMFIN,Mar 2022,8.2313408395522,11.374187907637927,Avoid
SHRIRAMFIN,Mar 2023,11.240984034675533,15.103508053444713,Hold
SHRIRAMFIN,Mar 2024,11.865515136064673,15.737277718101263,Hold
SHRIRAMFIN,TTM,7.9052110509064155,,Avoid
SIEMENS,Sep 2011,10.394598858133865,12.571128202586078,Hold
SIEMENS,Sep 2014,6.822562861265056,7.963009442833851,Avoid
SIEMENS,Sep 2015,11.685389440918184,13.606554893017643,Hold
SIEMENS,Sep 2016,23.542514163174122,25.088144554248483,Strong Buy
SIEMENS,Sep 2017,8.63443099322261,10.375227611452264,Avoid
SIEMENS,Sep 2018,6.263683768431091,8.163493026852871,Avoid
SIEMENS,Sep 2019,7.132164746130702,9.09283272738986,Avoid
SIEMENS,Sep 2020,5.486807632552225,7.264336409888022,Avoid
SIEMENS,Sep 2021,6.502883898675901,8.40069161903188,Avoid
SIEMENS,Sep 2022,7.884692389789907,9.828087166845643,Avoid
SIEMENS,Sep 2023,8.643027808038193,10.714147061194414,Avoid
SIEMENS,Sep 2024,10.266359480782137,12.409739353962179,Hold
SUNPHARMA,Mar 2013,18.28452070827006,22.263107473668317,Buy
SUNPHARMA,Mar 2014,15.2050259546265,19.63578016364878,Buy
SUNPHARMA,Mar 2015,13.970785740450319,17.21616409027819,Hold
SUNPHARMA,Mar 2016,12.509976307537704,15.61939461948986,Hold
SUNPHARMA,Mar 2017,15.592344897205628,18.840627384754537,Buy
SUNPHARMA,Mar 2018,5.547688520632728,8.26420605282031,Avoid
SUNPHARMA,Mar 2019,6.411355415499933,9.130766708760717,Avoid
SUNPHARMA,Mar 2020,7.467721797061209,10.052206847820427,Avoid
SUNPHARMA,Mar 2021,4.05592606985249,7.2907041280642755,Avoid
SUNPHARMA,Mar 2022,5.460099677109224,8.750362755825709,Avoid
SUNPHARMA,Mar 2023,11.714954859928797,14.570509739788122,Hold
SUNPHARMA,Mar 2024,11.826104500438587,14.675740232288778,Hold
SUNPHARMA,TTM,7.365959025734806,,Avoid
TATACONSUM,Mar 2013,5.380356083258831,7.789326240737348,Avoid
TATACONSUM,Mar 2014,5.363679410802843,7.652639929937399,Avoid
TATACONSUM,Mar 2015,3.076851665100241,5.460834050335986,Avoid
TATACONSUM,Mar 2016,-0.1596740955273344,1.8934119841597834,Avoid
TATACONSUM,Mar 2017,4.8944525327915445,7.333498344970615,Avoid
TATACONSUM,Mar 2018,5.572592677510994,8.01081892915356,Avoid
TATACONSUM,Mar 2019,4.400381392962365,6.756790913920306,Avoid
TATACONSUM,Mar 2020,2.874888019596804,5.517379976974015,Avoid
TATACONSUM,Mar 2021,4.996164489835491,7.506231021267192,Avoid
TATACONSUM,Mar 2022,5.153928263828705,7.7140084695289985,Avoid
TATACONSUM,Mar 2023,6.0973814751099775,8.57089912975594,Avoid
TATACONSUM,Mar 2024,5.367496252479249,8.094172154947493,Avoid
TATACONSUM,TTM,2.39307848070197,,Avoid
TATAMOTORS,Mar 2013,10.970497010016928,13.389626872715331,Hold
TATAMOTORS,Mar 2014,9.505560652291821,11.908393315745005,Avoid
TATAMOTORS,Mar 2015,10.48998323328568,13.045505205982492,Hold
TATAMOTORS,Mar 2016,6.70189082793765,8.915065350761251,Avoid
TATAMOTORS,Mar 2017,5.602293633253031,7.553570152172713,Avoid
TATAMOTORS,Mar 2018,4.511927540103265,6.324082331968103,Avoid
TATAMOTORS,Mar 2019,-18.752154412517793,-18.284729105847934,Avoid
TATAMOTORS,Mar 2020,-7.585225719356831,-6.587154231736519,Avoid
TATAMOTORS,Mar 2021,-9.625581112679109,-8.133622469773256,Avoid
TATAMOTORS,Mar 2022,-9.53127985673222,-8.587755267502168,Avoid
TATAMOTORS,Mar 2023,2.5821938152405655,4.247536741546658,Avoid
TATAMOTORS,Mar 2024,15.301441223776429,17.999792604239477,Hold
TATAMOTORS,TTM,2.5614630698925827,,Avoid
TATAPOWER,Mar 2013,0.620396084839599,3.784113687447595,Avoid
TATAPOWER,Mar 2014,0.21027956032387948,3.6146969992307114,Avoid
TATAPOWER,Mar 2015,1.6663311919826456,5.034251542406727,Avoid
TATAPOWER,Mar 2016,3.2808631457965447,5.522959053764685,Avoid
TATAPOWER,Mar 2017,4.214938964395093,7.705927978672709,Avoid
TATAPOWER,Mar 2018,8.65915638961315,10.892787555833186,Avoid
TATAPOWER,Mar 2019,7.77107523643388,10.183381917960014,Avoid
TATAPOWER,Mar 2020,3.855870817824835,7.611399521843416,Avoid
TATAPOWER,Mar 2021,3.725987545152277,7.259587406053766,Avoid
TATAPOWER,Mar 2022,5.007635079709575,8.121908118571637,Avoid
TATAPOWER,Mar 2023,6.859489601109611,9.721349934685476,Avoid
TATAPOWER,Mar 2024,6.878291096200164,10.079203326669019,Avoid
TATAPOWER,TTM,2.3116865388755006,,Avoid
TATASTEEL,Mar 2013,-8.587193847261874,-8.018199709944883,Avoid
TATASTEEL,Mar 2014,4.124795760061203,5.9834532079798235,Avoid
TATASTEEL,Mar 2015,-4.83726215564736,-4.192621639735014,Avoid
TATASTEEL,Mar 2016,-0.3491461654383527,0.2650956441803989,Avoid
TATASTEEL,Mar 2017,-4.694920475781275,-2.975966463233498,Avoid
TATASTEEL,Mar 2018,14.711693599024576,17.141158153779543,Hold
TATASTEEL,Mar 2019,6.56585477495496,9.144881349503402,Avoid
TATASTEEL,Mar 2020,0.9988254187089995,2.9284951617252615,Avoid
TATASTEEL,Mar 2021,5.637616645056931,8.277914638383415,Avoid
TATASTEEL,Mar 2022,18.152366939691472,21.46301593338015,Buy
TATASTEEL,Mar 2023,4.001493249421335,6.00357298567209,Avoid
TATASTEEL,Mar 2024,-2.208827347995969,-0.637846092994001,Avoid
TATASTEEL,TTM,0.38112561007245455,,Avoid
TCS,Mar 2013,20.02569325685807,23.460996204335903,Buy
TCS,Mar 2014,21.383827520113655,25.03491484085287,Strong Buy
TCS,Mar 2015,20.700703425690726,24.025793676001523,Buy
TCS,Mar 2016,19.29196136507808,22.60450313369072,Buy
TCS,Mar 2017,18.022415108837325,21.14482512520944,Buy
TCS,Mar 2018,17.531722291299275,20.63574816181517,Buy
TCS,Mar 2019,19.373814692773312,22.642409738928805,Buy
TCS,Mar 2020,20.18321562109979,23.601846053718102,Buy
TCS,Mar 2021,19.589853699047243,23.194007169944772,Buy
TCS,Mar 2022,21.515219902327228,25.202413120421696,Strong Buy
TCS,Mar 2023,22.374753045875256,26.094660375266567,Strong Buy
TCS,Mar 2024,23.912322161937826,27.77376387037904,Strong Buy
TCS,TTM,6.480166506665821,,Avoid
TECHM,Mar 2013,14.62306454183661,16.939687055778418,Hold
TECHM,Mar 2014,16.937634782155964,19.82585132651138,Buy
TECHM,Mar 2015,11.534647679003555,13.978301025229818,Hold
TECHM,Mar 2016,11.115699235722774,13.297416705611948,Hold
TECHM,Mar 2017,9.41561226750374,11.430933422652394,Avoid
TECHM,Mar 2018,11.135524468926468,13.187092425645526,Hold
TECHM,Mar 2019,11.509246465068587,13.862912354217455,Hold
TECHM,Mar 2020,9.807858886413028,11.866664595300525,Avoid
TECHM,Mar 2021,9.987187605922253,12.280086437617012,Hold
TECHM,Mar 2022,11.518585619247759,13.844730831657472,Hold
TECHM,Mar 2023,9.223590608832831,11.298697421841057,Avoid
TECHM,Mar 2024,4.934322423748515,6.432356045752327,Avoid
TECHM,TTM,2.3979215895520496,,Avoid
TITAN,Mar 2013,15.228122420691712,18.782337498298453,Buy
TITAN,Mar 2014,12.548843395501242,15.821641576685597,Hold
TITAN,Mar 2015,11.779655867769733,14.924472978813387,Hold
TITAN,Mar 2016,9.003791056422417,11.872698135230483,Avoid
TITAN,Mar 2017,7.766355240365409,10.669713556553177,Avoid
TITAN,Mar 2018,10.059874149221502,13.153469959116446,Hold
TITAN,Mar 2019,10.531566733371342,13.642789546088334,Hold
TITAN,Mar 2020,10.34448955236632,13.618834049359931,Hold
TITAN,Mar 2021,6.269393526408131,9.07006630386207,Avoid
TITAN,Mar 2022,10.872736423865364,14.176097997561108,Hold
TITAN,Mar 2023,12.399011362514068,15.82488255449198,Hold
TITAN,Mar 2024,15.227378026997725,18.867833985135313,Buy
TITAN,TTM,1.9850159756142347,,Avoid
TORNTPHARM,Mar 2013,15.008395222756505,17.849527771262643,Hold
TORNTPHARM,Mar 2014,17.21288269136195,20.15852920665036,Buy
TORNTPHARM,Mar 2015,15.646894449824877,18.366257707446806,Buy
TORNTPHARM,Mar 2016,25.422600504764315,30.002793051976486,Strong Buy
TORNTPHARM,Mar 2017,12.710415663955695,15.314995068354442,Hold
TORNTPHARM,Mar 2018,8.826169493518707,11.445967721363862,Avoid
TORNTPHARM,Mar 2019,5.151152945121681,8.266692176841019,Avoid
TORNTPHARM,Mar 2020,11.575179887047808,14.754611676819053,Hold
TORNTPHARM,Mar 2021,12.551554780203576,15.920003702707454,Hold
TORNTPHARM,Mar 2022,7.614683977612309,10.881359378512435,Avoid
TORNTPHARM,Mar 2023,11.229121978362144,14.573426713420464,Hold
TORNTPHARM,Mar 2024,13.443291437913773,16.928523187224965,Hold
TORNTPHARM,TTM,5.491653394679408,,Avoid
TRENT,Mar 2013,-0.8315375536142242,2.6733739799625793,Avoid
TRENT,Mar 2014,-0.5088651238816049,2.868812906598815,Avoid
TRENT,Mar 2015,5.2515349789588806,9.021201046714879,Avoid
TRENT,Mar 2016,2.6002102418304402,6.542494965926208,Avoid
TRENT,Mar 2017,3.6669787566777927,7.771999748763174,Avoid
TRENT,Mar 2018,3.4704328120787196,7.824765738024019,Avoid
TRENT,Mar 2019,3.470493316521012,7.798126685426259,Avoid
TRENT,Mar 2020,2.7042026223559197,7.692445507777712,Avoid
TRENT,Mar 2021,-4.784220611057462,-0.5845652856716512,Avoid
TRENT,Mar 2022,0.946951691140094,5.8012066354905905,Avoid
TRENT,Mar 2023,6.992461958023263,11.992323112991109,Avoid
TRENT,Mar 2024,16.656996930179385,22.007314680339537,Buy
TRENT,TTM,4.0133111480865225,,Avoid
TVSMOTOR,Mar 2013,8.960730880949752,11.1511306063864,Avoid
TVSMOTOR,Mar 2014,6.881871151416025,8.891172425685987,Avoid
TVSMOTOR,Mar 2015,10.06568207305312,12.312495821208513,Hold
TVSMOTOR,Mar 2016,9.855331993003547,12.160493388484953,Hold
TVSMOTOR,Mar 2017,9.692273939114136,11.964205219244162,Avoid
TVSMOTOR,Mar 2018,10.04684962667852,12.77723869644134,Hold
TVSMOTOR,Mar 2019,9.222385006257378,12.03542218882195,Hold
TVSMOTOR,Mar 2020,8.039392808449117,10.924592321643315,Avoid
TVSMOTOR,Mar 2021,6.635324274983492,9.376420293139828,Avoid
TVSMOTOR,Mar 2022,6.839941577040594,9.593026330596778,Avoid
TVSMOTOR,Mar 2023,9.59507513855712,12.641070172318257,Hold
TVSMOTOR,Mar 2024,10.566533408825572,13.806456843518243,Hold
TVSMOTOR,TTM,1.6275707690155297,,Avoid
ULTRACEMCO,Mar 2013,10.482414655683273,13.573515881389287,Hold
ULTRACEMCO,Mar 2014,8.06639882737158,10.756140378279088,Avoid
ULTRACEMCO,Mar 2015,6.890311479691974,9.586589351466554,Avoid
ULTRACEMCO,Mar 2016,7.2570840211274446,9.956179174705415,Avoid
ULTRACEMCO,Mar 2017,7.474446830726268,10.219089990368747,Avoid
ULTRACEMCO,Mar 2018,5.383732348358072,8.212371675942332,Avoid
ULTRACEMCO,Mar 2019,4.480381021882188,7.1461978580125765,Avoid
ULTRACEMCO,Mar 2020,9.606420878642258,12.416645077950335,Hold
ULTRACEMCO,Mar 2021,8.365201088653095,11.596121123874468,Avoid
ULTRACEMCO,Mar 2022,9.704007413310597,12.476581938858214,Hold
ULTRACEMCO,Mar 2023,6.017372949281726,8.490833938207441,Avoid
ULTRACEMCO,Mar 2024,7.403401256490002,9.977277609339001,Avoid
ULTRACEMCO,TTM,2.922164420825329,,Avoid
UNIONBANK,Mar 2013,6.999270732214895,9.354601775844063,Avoid
UNIONBANK,Mar 2014,4.958468945279541,6.95196444784081,Avoid
UNIONBANK,Mar 2015,4.8299852873648,6.838085057568145,Avoid
UNIONBANK,Mar 2016,3.363956041140812,5.0660558956446415,Avoid
UNIONBANK,Mar 2017,1.3987826304509996,2.2728546172653177,Avoid
UNIONBANK,Mar 2018,-12.129933184470866,-12.930270122790677,Avoid
UNIONBANK,Mar 2019,-6.44500344453792,-6.363278070174397,Avoid
UNIONBANK,Mar 2020,-5.8139915012134695,-5.722040789773947,Avoid
UNIONBANK,Mar 2021,2.87237820319169,3.531449734742751,Avoid
UNIONBANK,Mar 2022,5.067913772989515,6.569149080991592,Avoid
UNIONBANK,Mar 2023,7.117338957767328,8.79013608660233,Avoid
UNIONBANK,Mar 2024,9.317824283320155,11.713036562173544,Avoid
UNIONBANK,TTM,5.088830353640083,,Avoid
UNITDSPR,Mar 2013,-0.3372518789747543,,Avoid
UNITDSPR,Mar 2014,-14.239944169521635,,Avoid
UNITDSPR,Mar 2015,-6.076651538073627,,Avoid
UNITDSPR,Mar 2016,0.5611143810084364,,Avoid
UNITDSPR,Mar 2017,0.3515536402812429,,Avoid
UNITDSPR,Mar 2018,2.52977922632212,,Avoid
UNITDSPR,Mar 2019,2.440852157156621,,Avoid
UNITDSPR,Mar 2020,2.219839142091153,,Avoid
UNITDSPR,Mar 2021,1.4840323043496084,,Avoid
UNITDSPR,Mar 2022,2.7834980779791323,,Avoid
UNITDSPR,Mar 2023,3.536876492021611,,Avoid
UNITDSPR,Mar 2024,4.145687954538762,,Avoid
UNITDSPR,TTM,3.953416236641006,,Avoid
VBL,Dec 2012,0.46296296296296297,,Avoid
VBL,Dec 2013,-0.6304176516942475,,Avoid
VBL,Dec 2014,-0.2664535038635758,,Avoid
VBL,Dec 2015,1.1098016106855235,,Avoid
VBL,Dec 2016,0.41440041440041436,,Avoid
VBL,Dec 2017,1.7815517815517816,,Avoid
VBL,Dec 2018,1.9588638589618022,,Avoid
VBL,Dec 2019,2.206638616175783,,Avoid
VBL,Dec 2020,1.8449612403100775,,Avoid
VBL,Dec 2021,2.8183913257017643,,Avoid
VBL,Dec 2022,3.922164022368987,,Avoid
VBL,Dec 2023,4.367429200689812,,Avoid
VBL,TTM,4.532926037113113,,Avoid
VEDL,Mar 2013,27.646416878865043,,Avoid
VEDL,Mar 2014,5.7549280445035675,,Avoid
VEDL,Mar 2015,-5.14131958576403,,Avoid
VEDL,Mar 2016,-9.265195605490025,,Avoid
VEDL,Mar 2017,5.222568362755278,,Avoid
VEDL,Mar 2018,4.968105719199704,,Avoid
VEDL,Mar 2019,3.511935801610754,,Avoid
VEDL,Mar 2020,-1.8725749089172303,,Avoid
VEDL,Mar 2021,5.692580937124853,,Avoid
VEDL,Mar 2022,5.954354137158585,,Avoid
VEDL,Mar 2023,3.281786008453942,,Avoid
VEDL,Mar 2024,1.748453665629979,,Avoid
VEDL,TTM,3.655525402451632,,Avoid
WIPRO,Mar 2013,5.505387835069908,,Avoid
WIPRO,Mar 2014,6.1340886760009825,,Avoid
WIPRO,Mar 2015,6.186591694887578,,Avoid
WIPRO,Mar 2016,5.826373168891316,,Avoid
WIPRO,Mar 2017,5.120713701726543,,Avoid
WIPRO,Mar 2018,4.895969069074581,,Avoid
WIPRO,Mar 2019,5.093275047018756,,Avoid
WIPRO,Mar 2020,5.327837569651172,,Avoid
WIPRO,Mar 2021,5.849142918651275,,Avoid
WIPRO,Mar 2022,5.145501311276982,,Avoid
WIPRO,Mar 2023,4.186927180031238,,Avoid
WIPRO,Mar 2024,4.126559714795008,,Avoid
WIPRO,TTM,4.688110039943538,,Avoid
ZOMATO,Mar 2018,-7.65379113018598,,Avoid
ZOMATO,Mar 2019,-25.641025641025646,,Avoid
ZOMATO,Mar 2020,-30.53103007037748,,Avoid
ZOMATO,Mar 2021,-13.640922768304913,,Avoid
ZOMATO,Mar 2022,-9.716921119592875,,Avoid
ZOMATO,Mar 2023,-4.572208880727033,,Avoid
ZOMATO,Mar 2024,0.9658246656760773,,Avoid
ZOMATO,TTM,1.2296906298686847,,Avoid
ZYDUSLIFE,Mar 2013,3.6174897766593266,,Avoid
ZYDUSLIFE,Mar 2014,3.8575119970468807,,Avoid
ZYDUSLIFE,Mar 2015,4.577505490694717,,Avoid
ZYDUSLIFE,Mar 2016,6.944591775396909,,Avoid
ZYDUSLIFE,Mar 2017,5.393202502844141,,Avoid
ZYDUSLIFE,Mar 2018,5.067898642027159,,Avoid
ZYDUSLIFE,Mar 2019,4.8078383715631166,,Avoid
ZYDUSLIFE,Mar 2020,2.815781472906289,,Avoid
ZYDUSLIFE,Mar 2021,5.056465796537998,,Avoid
ZYDUSLIFE,Mar 2022,10.187513787778512,,Avoid
ZYDUSLIFE,Mar 2023,4.045560905803407,,Avoid
ZYDUSLIFE,Mar 2024,6.77512320731229,,Avoid
ZYDUSLIFE,TTM,6.8872959721963625,,Avoid
INDIGO,Mar 2013,6082.9589113664415,6630.609294006692,Strong Buy
INDIGO,Mar 2014,3698.206528124509,4015.616599061069,Strong Buy
INDIGO,Mar 2015,1725.679026780743,1862.2191396892672,Strong Buy
INDIGO,Mar 2016,543.1425534021403,589.7275907518123,Strong Buy
INDIGO,Mar 2017,592.4381846694063,646.4206597651198,Strong Buy
INDIGO,Mar 2018,778.0838262732117,849.0306169722343,Strong Buy
INDIGO,Mar 2019,65.95904080331896,69.20429755160019,Strong Buy
INDIGO,Mar 2020,-18.170406033542104,-26.07105003889056,Avoid
INDIGO,Mar 2021,-372.74822517967203,-397.4898248973026,Avoid
INDIGO,Mar 2022,-7.268612077966797,-1.7945861521832223,Avoid
INDIGO,Mar 2023,3.295750300509487,4.163547358737701,Avoid
INDIGO,Mar 2024,320.26909356178004,349.39437110858375,Strong Buy
INDIGO,TTM,2.647453667381488,,Avoid
